Div,Date,Time,HomeTeam,AwayTeam,FTHG,FTAG,FTR,HTHG,HTAG,HTR,B365H,B365D,B365A,BWH,BWD,BWA,IWH,IWD,IWA,PSH,PSD,PSA,WHH,WHD,WHA,VCH,VCD,VCA,MaxH,MaxD,MaxA,AvgH,AvgD,AvgA,B365>2.5,B365<2.5,P>2.5,P<2.5,Max>2.5,Max<2.5,Avg>2.5,Avg<2.5,AHh,B365AHH,B365AHA,PAHH,PAHA,MaxAHH,MaxAHA,AvgAHH,AvgAHA,B365CH,B365CD,B365CA,BWCH,BWCD,BWCA,IWCH,IWCD,IWCA,PSCH,PSCD,PSCA,WHCH,WHCD,WHCA,VCCH,VCCD,VCCA,MaxCH,MaxCD,MaxCA,AvgCH,AvgCD,AvgCA,B365C>2.5,B365C<2.5,PC>2.5,PC<2.5,MaxC>2.5,MaxC<2.5,AvgC>2.5,AvgC<2.5,AHCh,B365CAHH,B365CAHA,PCAHH,PCAHA,MaxCAHH,MaxCAHA,AvgCAHH,AvgCAHA
B1,16/09/2022,19:45,Antwerp,Seraing,,,,,,,1.33,5.25,8,1.33,5.25,9.25,1.33,5.25,8,1.34,5.48,9.11,,,,1.3,5.25,9,1.35,5.6,9.3,1.33,5.23,8.53,1.6,2.3,1.64,2.34,1.65,2.45,1.6,2.3,-1.5,1.98,1.88,2,1.89,2.01,1.95,1.95,1.87,,,,,,,,,,,,,,,,,,,,,,,,,,,,,,,,,,,,,,,,,
B1,17/09/2022,15:00,Mechelen,Oud-Heverlee Leuven,,,,,,,1.85,3.8,3.8,1.93,3.9,3.5,1.9,3.85,3.45,1.91,4.11,3.72,,,,1.9,3.75,3.6,2,4.2,4,1.91,3.94,3.53,1.5,2.5,1.49,2.7,1.52,2.75,1.48,2.56,-0.5,1.9,1.95,1.91,1.97,1.96,1.98,1.91,1.91,,,,,,,,,,,,,,,,,,,,,,,,,,,,,,,,,,,,,,,,,
B1,17/09/2022,17:15,Cercle Brugge,Oostende,,,,,,,1.8,3.5,4.5,1.75,3.8,4.5,1.75,3.7,4.1,1.82,3.94,4.28,,,,1.8,3.5,4.4,1.9,3.95,4.5,1.79,3.73,4.23,1.9,1.95,1.93,1.94,1.96,2,1.85,1.93,-0.75,2.02,1.83,2.08,1.83,2.09,1.85,2.02,1.81,,,,,,,,,,,,,,,,,,,,,,,,,,,,,,,,,,,,,,,,,
B1,17/09/2022,17:15,Waregem,St Truiden,,,,,,,2.87,3.25,2.45,2.75,3.4,2.45,2.75,3.3,2.4,2.89,3.51,2.49,,,,2.8,3.25,2.45,3.15,3.55,2.49,2.82,3.37,2.43,1.93,1.93,1.96,1.91,1.96,1.95,1.9,1.88,0.25,1.75,2.05,1.76,2.14,1.8,2.17,1.74,2.09,,,,,,,,,,,,,,,,,,,,,,,,,,,,,,,,,,,,,,,,,
B1,17/09/2022,19:45,Charleroi,Westerlo,,,,,,,2.1,3.5,3.4,2.15,3.6,3.1,2.2,3.45,3,2.2,3.71,3.24,,,,2.2,3.4,3.13,2.25,3.71,3.55,2.16,3.55,3.16,1.7,2.1,1.75,2.14,1.78,2.29,1.71,2.11,-0.25,1.88,1.98,1.91,1.98,1.92,2.02,1.87,1.94,,,,,,,,,,,,,,,,,,,,,,,,,,,,,,,,,,,,,,,,,
B1,18/09/2022,12:30,Genk,Gent,,,,,,,2.2,3.4,3.1,2.2,3.6,3,2.15,3.5,3,2.14,3.74,3.23,,,,2.2,3.4,3.13,2.28,3.83,3.23,2.19,3.58,3.04,1.7,2.1,1.71,2.15,1.76,2.18,1.7,2.12,-0.25,1.9,1.95,1.86,1.99,1.97,1.99,1.91,1.9,,,,,,,,,,,,,,,,,,,,,,,,,,,,,,,,,,,,,,,,,
B1,18/09/2022,15:00,Eupen,St. Gilloise,,,,,,,4,3.5,1.9,3.7,3.75,1.9,3.6,3.65,1.9,3.99,3.93,1.85,,,,3.9,3.6,1.87,4.35,3.98,1.92,3.8,3.73,1.87,1.72,2.07,1.76,2.08,1.78,2.23,1.71,2.1,0.5,2,1.85,2.01,1.85,2.01,1.92,1.94,1.87,,,,,,,,,,,,,,,,,,,,,,,,,,,,,,,,,,,,,,,,,
B1,18/09/2022,17:30,Standard,Club Brugge,,,,,,,3.8,3.6,1.9,3.6,3.9,1.9,3.55,3.65,1.95,3.78,3.72,1.95,,,,3.75,3.6,1.91,4.5,3.9,1.97,3.68,3.71,1.91,1.66,2.15,1.66,2.25,1.69,2.28,1.64,2.2,0.5,1.9,1.95,1.9,1.95,1.97,1.95,1.89,1.92,,,,,,,,,,,,,,,,,,,,,,,,,,,,,,,,,,,,,,,,,
B1,18/09/2022,20:00,Anderlecht,Kortrijk,,,,,,,1.33,5.5,7.5,1.36,5,8.25,1.33,5.25,8,1.34,5.34,8.72,,,,1.33,4.8,9,1.4,5.5,9,1.34,5.12,8.29,1.61,2.25,1.61,2.36,1.7,2.38,1.61,2.27,-1.5,2,1.85,2.04,1.83,2.1,1.9,2,1.82,,,,,,,,,,,,,,,,,,,,,,,,,,,,,,,,,,,,,,,,,
D1,16/09/2022,19:30,Mainz,Hertha,,,,,,,1.72,4,4.33,1.72,4,4.5,1.8,3.8,4.3,1.79,4,4.64,1.75,3.8,4.4,1.73,4,4.33,1.8,4.1,4.75,1.76,3.98,4.49,1.72,2.1,1.78,2.15,1.76,2.19,1.72,2.14,-0.75,1.98,1.92,2.01,1.92,1.99,1.95,1.96,1.91,,,,,,,,,,,,,,,,,,,,,,,,,,,,,,,,,,,,,,,,,
D1,17/09/2022,14:30,Augsburg,Bayern Munich,,,,,,,17,8,1.16,15.5,8.75,1.15,12,7.75,1.2,14.69,9,1.18,15,8,1.15,15,9,1.13,19,9.3,1.2,15.37,8.69,1.16,1.28,3.75,,,1.29,4,1.27,3.81,2.25,2.01,1.89,2.04,1.88,2.04,1.91,1.99,1.86,,,,,,,,,,,,,,,,,,,,,,,,,,,,,,,,,,,,,,,,,
D1,17/09/2022,14:30,Dortmund,Schalke 04,,,,,,,1.36,5,8,1.37,5.25,7.5,1.4,5.25,7,1.41,5.61,7.33,1.38,5,7.5,1.36,5.25,7.5,1.42,5.61,8,1.39,5.39,7.41,1.44,2.75,1.46,2.88,1.47,2.95,1.44,2.81,-1.5,2.03,1.87,2.07,1.86,2.07,1.92,2.01,1.85,,,,,,,,,,,,,,,,,,,,,,,,,,,,,,,,,,,,,,,,,
D1,17/09/2022,14:30,Leverkusen,Werder Bremen,,,,,,,1.61,4.33,5,1.63,4.33,4.6,1.7,4.2,4.4,1.67,4.6,4.83,1.65,4.33,4.5,1.6,4.5,4.75,1.7,4.75,5,1.65,4.45,4.74,1.5,2.62,1.49,2.75,1.51,2.79,1.47,2.69,-1,2.05,1.85,2.08,1.86,2.15,1.89,2.05,1.83,,,,,,,,,,,,,,,,,,,,,,,,,,,,,,,,,,,,,,,,,
D1,17/09/2022,14:30,Stuttgart,Ein Frankfurt,,,,,,,2.25,3.5,3.1,2.37,3.5,2.85,2.3,3.55,2.95,2.37,3.64,3.08,2.3,3.6,2.9,2.3,3.6,2.9,2.4,3.74,3.1,2.33,3.58,2.99,1.66,2.2,1.7,2.27,1.75,2.29,1.68,2.2,-0.25,2.02,1.88,2.05,1.88,2.05,1.92,2,1.86,,,,,,,,,,,,,,,,,,,,,,,,,,,,,,,,,,,,,,,,,
D1,17/09/2022,17:30,M'gladbach,RB Leipzig,,,,,,,3,3.6,2.25,2.95,3.75,2.2,2.75,3.7,2.4,3.16,3.67,2.31,3,3.7,2.2,3,3.7,2.2,3.2,3.98,2.4,3.05,3.69,2.26,1.57,2.37,1.64,2.39,1.66,2.5,1.59,2.38,0.25,1.93,1.97,1.93,2,1.95,2,1.9,1.95,,,,,,,,,,,,,,,,,,,,,,,,,,,,,,,,,,,,,,,,,
D1,18/09/2022,14:30,Union Berlin,Wolfsburg,,,,,,,1.95,3.5,3.8,2,3.5,3.7,2,3.5,3.75,2.07,3.43,4.02,1.95,3.5,3.8,2,3.5,3.6,2.07,3.7,4.05,2.02,3.52,3.79,2.03,1.87,2.06,1.85,2.06,1.88,1.98,1.84,-0.5,2.03,1.87,2.07,1.86,2.07,1.9,2.01,1.85,,,,,,,,,,,,,,,,,,,,,,,,,,,,,,,,,,,,,,,,,
D1,18/09/2022,16:30,Bochum,FC Koln,,,,,,,3.1,3.6,2.2,3.2,3.6,2.1,3.35,3.65,2.1,3.09,3.75,2.31,3,3.5,2.25,3,3.7,2.2,3.35,3.8,2.32,3.08,3.67,2.25,1.72,2.1,1.75,2.19,1.75,2.23,1.7,2.16,0.25,1.9,2,1.91,2.01,1.95,2.01,1.89,1.97,,,,,,,,,,,,,,,,,,,,,,,,,,,,,,,,,,,,,,,,,
D1,18/09/2022,18:30,Hoffenheim,Freiburg,,,,,,,2.15,3.6,3.2,2.15,3.75,3,2.2,3.7,3.1,2.24,3.71,3.27,2.15,3.7,3.1,2.1,3.8,3.1,2.24,3.91,3.27,2.17,3.75,3.14,1.57,2.37,1.63,2.41,1.63,2.52,1.56,2.43,-0.25,1.89,2.01,1.94,1.98,1.94,2.05,1.88,1.98,,,,,,,,,,,,,,,,,,,,,,,,,,,,,,,,,,,,,,,,,
D2,16/09/2022,17:30,Braunschweig,Karlsruhe,,,,,,,3,3.6,2.2,3.1,3.5,2.25,3.1,3.55,2.2,3.07,3.71,2.31,3,3.4,2.2,2.9,3.6,2.25,3.1,3.71,2.33,3,3.56,2.25,1.7,2.1,1.74,2.18,1.75,2.18,1.71,2.13,0.25,1.88,1.98,1.9,2.01,1.93,2.01,1.88,1.96,,,,,,,,,,,,,,,,,,,,,,,,,,,,,,,,,,,,,,,,,
D2,16/09/2022,17:30,Sandhausen,Hannover,,,,,,,2.9,3.4,2.37,3,3.3,2.35,3,3.3,2.4,3.05,3.41,2.46,3,3.2,2.3,2.9,3.3,2.38,3.1,3.46,2.46,2.98,3.33,2.37,1.98,1.88,1.98,1.9,2.02,1.93,1.93,1.86,0.25,1.77,2.1,1.81,2.11,1.83,2.16,1.79,2.06,,,,,,,,,,,,,,,,,,,,,,,,,,,,,,,,,,,,,,,,,
D2,17/09/2022,12:00,Bielefeld,Holstein Kiel,,,,,,,2.2,3.75,3,2.25,3.6,3,2.25,3.55,3,2.27,3.65,3.2,2.2,3.4,3,2.25,3.6,2.9,2.35,3.75,3.2,2.25,3.56,2.99,1.66,2.15,1.72,2.2,1.73,2.25,1.68,2.17,-0.25,1.98,1.88,1.97,1.93,2.02,1.93,1.97,1.87,,,,,,,,,,,,,,,,,,,,,,,,,,,,,,,,,,,,,,,,,
D2,17/09/2022,12:00,Darmstadt,Nurnberg,,,,,,,1.65,4.2,4.75,1.66,4.1,4.75,1.7,3.95,4.6,1.73,4.3,4.57,1.63,3.9,4.75,1.65,4.1,4.5,1.73,4.3,5,1.66,4.09,4.63,1.57,2.35,1.6,2.44,1.6,2.47,1.57,2.38,-0.75,1.83,2.02,1.91,2,1.91,2.07,1.83,2.01,,,,,,,,,,,,,,,,,,,,,,,,,,,,,,,,,,,,,,,,,
D2,17/09/2022,12:00,Hansa Rostock,Magdeburg,,,,,,,2.1,3.75,3.25,2.15,3.5,3.2,2.2,3.55,3.15,2.2,3.69,3.3,2.15,3.5,3,2.15,3.6,3.1,2.2,3.86,3.3,2.16,3.61,3.12,1.66,2.15,1.7,2.24,1.72,2.24,1.67,2.17,-0.25,1.9,1.95,1.92,1.99,1.92,2,1.89,1.94,,,,,,,,,,,,,,,,,,,,,,,,,,,,,,,,,,,,,,,,,
D2,17/09/2022,19:30,Hamburg,Fortuna Dusseldorf,,,,,,,1.95,3.8,3.6,2,3.6,3.5,2,3.65,3.5,2.02,3.85,3.66,1.95,3.5,3.5,1.95,3.8,3.4,2.05,3.85,3.8,1.98,3.68,3.51,1.61,2.25,1.67,2.3,1.67,2.35,1.62,2.27,-0.5,1.98,1.88,2.02,1.89,2.05,1.93,1.98,1.86,,,,,,,,,,,,,,,,,,,,,,,,,,,,,,,,,,,,,,,,,
D2,18/09/2022,12:30,Greuther Furth,Paderborn,,,,,,,3.2,4,2.05,3.1,3.9,2.1,3.1,3.85,2.1,3.34,4.04,2.08,3,3.8,2.05,3.1,3.9,2.05,3.34,4.15,2.12,3.13,3.89,2.06,1.47,2.6,1.5,2.69,1.53,2.75,1.46,2.62,0.25,2.02,1.83,2.08,1.82,2.08,1.88,2.01,1.82,,,,,,,,,,,,,,,,,,,,,,,,,,,,,,,,,,,,,,,,,
D2,18/09/2022,12:30,Heidenheim,Kaiserslautern,,,,,,,1.95,3.8,3.7,1.95,3.5,3.75,1.97,3.6,3.7,1.97,3.68,4,1.95,3.4,3.6,1.93,3.6,3.7,2,3.8,4,1.95,3.58,3.73,1.85,2,1.87,2.02,1.88,2.09,1.82,1.97,-0.5,1.95,1.9,1.97,1.93,2,1.94,1.95,1.89,,,,,,,,,,,,,,,,,,,,,,,,,,,,,,,,,,,,,,,,,
D2,18/09/2022,12:30,Regensburg,St Pauli,,,,,,,3.25,3.8,2.1,3.1,3.6,2.2,3.1,3.65,2.15,3.26,3.83,2.17,3.1,3.5,2.15,3.2,3.6,2.1,3.26,3.9,2.2,3.15,3.66,2.13,1.66,2.15,1.72,2.22,1.73,2.25,1.68,2.16,0.25,2,1.85,2.01,1.9,2.06,1.9,1.97,1.86,,,,,,,,,,,,,,,,,,,,,,,,,,,,,,,,,,,,,,,,,
E0,16/09/2022,20:00,Aston Villa,Southampton,,,,,,,2.1,3.5,3.5,2,3.5,3.6,2.1,3.45,3.5,2.14,3.62,3.6,2.05,3.5,3.5,2.1,3.4,3.4,2.18,3.72,3.62,2.1,3.55,3.53,1.88,2.02,1.88,2.03,1.89,2.03,1.84,1.99,-0.25,1.83,2.07,1.85,2.09,1.86,2.12,1.81,2.07,,,,,,,,,,,,,,,,,,,,,,,,,,,,,,,,,,,,,,,,,
E0,16/09/2022,20:00,Nott'm Forest,Fulham,,,,,,,2.75,3.3,2.62,2.75,3.4,2.5,2.75,3.35,2.6,2.82,3.43,2.67,2.75,3.4,2.5,2.7,3.3,2.55,2.92,3.54,2.68,2.81,3.4,2.57,1.93,1.97,1.94,1.96,1.93,2,1.88,1.94,0,2.01,1.89,2.02,1.91,2.03,1.91,2,1.86,,,,,,,,,,,,,,,,,,,,,,,,,,,,,,,,,,,,,,,,,
E0,17/09/2022,12:30,Wolves,Man City,,,,,,,9.5,5,1.33,9,5.5,1.32,8.5,5.5,1.33,9.3,5.52,1.36,9.5,5.25,1.32,9.5,5.25,1.29,10,5.9,1.37,9.25,5.47,1.34,1.57,2.37,1.64,2.39,1.64,2.47,1.58,2.39,1.5,1.93,1.97,1.94,1.98,1.99,2,1.92,1.95,,,,,,,,,,,,,,,,,,,,,,,,,,,,,,,,,,,,,,,,,
E0,17/09/2022,15:00,Newcastle,Bournemouth,,,,,,,1.44,4.4,7.5,1.46,4.33,7.25,1.5,4.4,6.75,1.49,4.56,7.5,1.44,4.2,7.5,1.4,4.33,7.5,1.5,4.7,7.77,1.47,4.47,7.39,1.87,2.03,1.83,2.06,1.87,2.06,1.82,2.01,-1.25,2.07,1.83,2.1,1.84,2.11,1.86,2.05,1.82,,,,,,,,,,,,,,,,,,,,,,,,,,,,,,,,,,,,,,,,,
E0,17/09/2022,17:30,Tottenham,Leicester,,,,,,,1.45,4.5,7,1.47,4.5,6.5,1.5,4.7,6,1.52,4.46,7.04,1.47,4.5,6.5,1.44,4.5,6.5,1.54,5,7.1,1.49,4.59,6.7,1.57,2.37,1.63,2.4,1.65,2.52,1.59,2.39,-1.25,2.07,1.83,2.11,1.83,2.11,1.88,2.04,1.83,,,,,,,,,,,,,,,,,,,,,,,,,,,,,,,,,,,,,,,,,
E0,18/09/2022,12:00,Brentford,Arsenal,,,,,,,4.2,3.8,1.8,4.2,3.75,1.82,4.2,3.85,1.8,4.46,3.98,1.83,4.2,3.8,1.78,4.33,3.8,1.75,4.5,4.05,1.86,4.3,3.91,1.81,1.66,2.2,1.72,2.24,1.72,2.28,1.68,2.21,0.75,1.85,2.05,1.88,2.05,1.9,2.07,1.84,2.04,,,,,,,,,,,,,,,,,,,,,,,,,,,,,,,,,,,,,,,,,
E0,18/09/2022,14:15,Everton,West Ham,,,,,,,2.9,3.25,2.5,3,3.3,2.37,2.9,3.3,2.5,2.96,3.39,2.57,2.9,3.25,2.45,2.88,3.2,2.45,3.05,3.45,2.58,2.95,3.31,2.5,2.06,1.84,2.08,1.84,2.11,1.84,2.03,1.8,0.25,1.79,2.11,1.76,2.19,1.81,2.19,1.76,2.13,,,,,,,,,,,,,,,,,,,,,,,,,,,,,,,,,,,,,,,,,
E1,17/09/2022,12:30,Swansea,Hull,,,,,,,1.8,3.6,4.75,1.87,3.5,4.2,,,,1.82,3.82,4.58,1.8,3.5,4.33,1.75,3.5,4.1,1.87,3.82,4.75,1.82,3.66,4.34,1.93,1.93,1.91,1.98,1.97,1.98,1.89,1.9,-0.5,1.77,2.02,1.81,2.1,1.87,2.1,1.82,2.04,,,,,,,,,,,,,,,,,,,,,,,,,,,,,,,,,,,,,,,,,
E1,17/09/2022,15:00,Birmingham,Coventry,,,,,,,2.87,3.25,2.55,2.85,3.25,2.5,,,,2.94,3.34,2.57,2.8,3.2,2.5,2.7,3.2,2.4,2.97,3.38,2.65,2.85,3.27,2.52,2,1.8,2.06,1.83,2.08,1.84,2.03,1.78,0,2.07,1.83,2.09,1.83,2.09,1.86,2.04,1.82,,,,,,,,,,,,,,,,,,,,,,,,,,,,,,,,,,,,,,,,,
E1,17/09/2022,15:00,Burnley,Bristol City,,,,,,,1.66,3.8,5.25,1.66,4,4.8,,,,1.67,4.18,5.22,1.65,3.9,4.8,1.6,3.9,4.6,1.72,4.3,5.5,1.67,4.01,4.85,1.66,2.2,1.71,2.23,1.76,2.25,1.69,2.17,-0.75,1.83,2.07,1.85,2.07,1.87,2.07,1.83,2.02,,,,,,,,,,,,,,,,,,,,,,,,,,,,,,,,,,,,,,,,,
E1,17/09/2022,15:00,Huddersfield,Cardiff,,,,,,,2.7,3.1,2.8,2.55,3.2,2.85,,,,2.69,3.32,2.82,2.62,3.1,2.7,2.5,3.1,2.63,2.73,3.32,2.85,2.66,3.18,2.76,2.2,1.66,2.28,1.68,2.3,1.71,2.23,1.65,0,1.9,2,1.91,2,1.92,2,1.89,1.97,,,,,,,,,,,,,,,,,,,,,,,,,,,,,,,,,,,,,,,,,
E1,17/09/2022,15:00,Luton,Blackburn,,,,,,,2.3,3.25,3.3,2.25,3.3,3.2,,,,2.29,3.26,3.53,2.2,3.2,3.25,2.15,3.2,3.1,2.34,3.4,3.53,2.25,3.26,3.31,2.1,1.72,2.15,1.76,2.21,1.77,2.13,1.71,-0.25,1.94,1.96,1.94,1.96,1.96,1.99,1.92,1.92,,,,,,,,,,,,,,,,,,,,,,,,,,,,,,,,,,,,,,,,,
E1,17/09/2022,15:00,Millwall,Blackpool,,,,,,,2,3.4,4,2,3.4,3.7,,,,2,3.47,4.15,2,3.3,3.8,1.93,3.3,3.6,2.05,3.53,4.15,2,3.42,3.84,2.1,1.72,2.17,1.75,2.2,1.82,2.1,1.73,-0.5,2.01,1.89,2,1.91,2.05,1.91,2,1.85,,,,,,,,,,,,,,,,,,,,,,,,,,,,,,,,,,,,,,,,,
E1,17/09/2022,15:00,Norwich,West Brom,,,,,,,2.15,3.5,3.3,2,3.6,3.5,,,,2.16,3.6,3.48,2.15,3.4,3.2,2.05,3.4,3.1,2.25,3.62,3.5,2.17,3.52,3.25,1.83,2.02,1.84,2.06,1.89,2.06,1.82,1.99,-0.25,1.9,2,1.87,2.04,1.93,2.04,1.88,1.96,,,,,,,,,,,,,,,,,,,,,,,,,,,,,,,,,,,,,,,,,
E1,17/09/2022,15:00,Preston,Sheffield United,,,,,,,3.2,3.3,2.3,3.2,3.3,2.25,,,,3.3,3.29,2.38,3.1,3.1,2.35,3,3.1,2.25,3.3,3.41,2.42,3.16,3.26,2.32,2.3,1.61,2.36,1.64,2.38,1.66,2.3,1.61,0.25,1.88,2.02,1.88,2.03,1.89,2.03,1.85,1.99,,,,,,,,,,,,,,,,,,,,,,,,,,,,,,,,,,,,,,,,,
E1,17/09/2022,15:00,QPR,Stoke,,,,,,,2.4,3.3,3,2.3,3.3,3,,,,2.39,3.43,3.15,2.38,3.25,2.9,2.25,3.25,2.88,2.42,3.58,3.15,2.35,3.4,3,2,1.85,2.01,1.88,2.06,1.88,1.98,1.82,-0.25,2.04,1.86,2.05,1.86,2.06,1.89,2.02,1.83,,,,,,,,,,,,,,,,,,,,,,,,,,,,,,,,,,,,,,,,,
E1,17/09/2022,15:00,Watford,Sunderland,,,,,,,2,3.5,3.75,2,3.3,3.9,,,,2.03,3.55,3.93,2,3.3,3.7,1.93,3.3,3.6,2.11,3.63,4,2.03,3.44,3.72,2,1.8,2.08,1.81,2.13,1.83,2.06,1.76,-0.5,2.02,1.88,2.03,1.88,2.06,1.88,2.01,1.85,,,,,,,,,,,,,,,,,,,,,,,,,,,,,,,,,,,,,,,,,
E1,17/09/2022,15:00,Wigan,Reading,,,,,,,2.05,3.4,3.8,2.1,3.3,3.6,,,,2.07,3.38,4.02,2.05,3.25,3.6,1.95,3.25,3.6,2.13,3.53,4.02,2.06,3.38,3.67,2.2,1.66,2.23,1.71,2.25,1.78,2.16,1.69,-0.5,2.04,1.86,2.07,1.85,2.07,1.88,2.03,1.83,,,,,,,,,,,,,,,,,,,,,,,,,,,,,,,,,,,,,,,,,
E1,17/09/2022,19:45,Middlesbrough,Rotherham,,,,,,,1.61,4,5.75,1.63,4,5.25,1.63,3.7,5.5,1.64,4.08,5.65,1.6,3.75,5.5,1.57,3.7,5.25,1.67,4.12,5.85,1.62,3.95,5.42,1.98,1.88,1.96,1.93,2,1.93,1.95,1.85,-0.75,1.81,2.09,1.83,2.09,1.83,2.11,1.79,2.06,,,,,,,,,,,,,,,,,,,,,,,,,,,,,,,,,,,,,,,,,
E2,17/09/2022,15:00,Accrington,Cheltenham,,,,,,,1.9,3.5,4,1.87,3.5,4,,,,1.88,3.88,4.07,1.85,3.6,3.9,1.8,3.6,3.7,1.95,3.88,4.07,1.89,3.66,3.84,1.8,2,1.8,2.07,1.82,2.08,1.76,2.02,-0.5,1.88,1.98,1.88,2.01,1.93,2.01,1.88,1.93,,,,,,,,,,,,,,,,,,,,,,,,,,,,,,,,,,,,,,,,,
E2,17/09/2022,15:00,Bolton,Peterboro,,,,,,,2.2,3.25,3.4,2.25,3.4,3,,,,2.19,3.48,3.46,2.15,3.4,3.25,2.1,3.4,3,2.25,3.66,3.46,2.17,3.4,3.25,1.85,2,1.85,2.03,1.87,2.05,1.83,1.95,-0.25,1.88,1.98,1.88,2.01,1.96,2.01,1.87,1.93,,,,,,,,,,,,,,,,,,,,,,,,,,,,,,,,,,,,,,,,,
E2,17/09/2022,15:00,Bristol Rvs,Lincoln,,,,,,,2.7,3.5,2.55,2.55,3.3,2.6,,,,2.62,3.55,2.71,2.6,3.25,2.62,2.5,3.3,2.5,2.7,3.6,2.72,2.57,3.39,2.65,1.98,1.88,1.95,1.92,2,1.93,1.92,1.84,0,2,1.85,1.91,1.98,2,1.98,1.88,1.92,,,,,,,,,,,,,,,,,,,,,,,,,,,,,,,,,,,,,,,,,
E2,17/09/2022,15:00,Cambridge,Barnsley,,,,,,,2.87,3.25,2.5,2.65,3.25,2.55,,,,2.76,3.39,2.66,2.7,3.25,2.55,2.6,3.25,2.45,2.87,3.46,2.66,2.72,3.3,2.55,2,1.85,2.04,1.84,2.1,1.87,1.98,1.8,0,2,1.85,1.98,1.91,2.04,1.91,1.97,1.85,,,,,,,,,,,,,,,,,,,,,,,,,,,,,,,,,,,,,,,,,
E2,17/09/2022,15:00,Derby,Wycombe,,,,,,,1.9,3.5,4,1.95,3.5,3.7,,,,2,3.56,3.93,1.95,3.4,3.75,1.9,3.4,3.6,2.01,3.73,4,1.96,3.51,3.73,1.95,1.9,1.98,1.89,2,1.92,1.93,1.85,-0.5,1.95,1.9,2,1.88,2.01,1.93,1.95,1.86,,,,,,,,,,,,,,,,,,,,,,,,,,,,,,,,,,,,,,,,,
E2,17/09/2022,15:00,Exeter,Burton,,,,,,,1.61,3.75,6,1.63,3.8,5,,,,1.63,4.15,5.52,1.6,3.9,5.25,1.57,3.9,4.8,1.67,4.3,6,1.62,3.97,5.2,1.85,2,1.79,2.08,1.88,2.08,1.8,1.97,-0.75,1.8,2.05,1.81,2.1,1.81,2.1,1.78,2.03,,,,,,,,,,,,,,,,,,,,,,,,,,,,,,,,,,,,,,,,,
E2,17/09/2022,15:00,Fleetwood Town,Charlton,,,,,,,3.1,3.3,2.37,2.95,3.25,2.35,,,,3.14,3.48,2.34,2.9,3.25,2.38,2.9,3.3,2.2,3.2,3.48,2.4,3.03,3.33,2.32,2.02,1.83,2.03,1.85,2.06,1.85,1.99,1.79,0.25,1.85,2,1.88,2.02,1.88,2.04,1.81,1.99,,,,,,,,,,,,,,,,,,,,,,,,,,,,,,,,,,,,,,,,,
E2,17/09/2022,15:00,Forest Green,Morecambe,,,,,,,1.9,3.5,4,1.85,3.5,4,,,,1.88,3.66,4.36,1.88,3.5,4,1.8,3.5,3.9,1.93,3.7,4.36,1.88,3.54,4.03,1.98,1.88,2,1.87,2.06,1.9,1.95,1.82,-0.5,1.85,2,1.88,2.01,1.91,2.01,1.86,1.94,,,,,,,,,,,,,,,,,,,,,,,,,,,,,,,,,,,,,,,,,
E2,17/09/2022,15:00,Oxford,Milton Keynes Dons,,,,,,,1.95,3.6,4,1.98,3.4,3.7,,,,1.97,3.7,3.88,1.95,3.4,3.75,1.93,3.4,3.5,2,3.7,4,1.96,3.49,3.77,2,1.85,2.02,1.85,2.02,1.89,1.96,1.82,-0.5,1.98,1.88,1.97,1.91,2.01,1.91,1.95,1.85,,,,,,,,,,,,,,,,,,,,,,,,,,,,,,,,,,,,,,,,,
E2,17/09/2022,15:00,Port Vale,Shrewsbury,,,,,,,2.25,3.3,3.3,2.35,3.2,3,,,,2.33,3.23,3.4,2.25,3.1,3.25,2.2,3.1,3.1,2.35,3.38,3.5,2.26,3.21,3.24,2.35,1.57,2.45,1.58,2.5,1.6,2.37,1.56,-0.25,1.98,1.88,1.98,1.91,2.05,1.95,1.94,1.87,,,,,,,,,,,,,,,,,,,,,,,,,,,,,,,,,,,,,,,,,
E2,17/09/2022,15:00,Portsmouth,Plymouth,,,,,,,1.9,3.5,4,1.9,3.5,3.8,,,,1.95,3.63,4.06,1.88,3.6,3.8,1.85,3.6,3.6,1.96,3.85,4.1,1.91,3.59,3.83,1.75,2.05,1.83,2.05,1.83,2.1,1.76,2.03,-0.5,1.93,1.93,1.95,1.93,1.95,1.98,1.9,1.9,,,,,,,,,,,,,,,,,,,,,,,,,,,,,,,,,,,,,,,,,
E2,17/09/2022,15:00,Sheffield Weds,Ipswich,,,,,,,2.62,3.25,2.75,2.6,3.2,2.6,,,,2.9,3.2,2.66,2.7,3.2,2.6,2.6,3.2,2.5,2.9,3.38,2.75,2.74,3.18,2.62,2.1,1.7,2.19,1.72,2.19,1.73,2.1,1.7,0,1.98,1.88,2.03,1.86,2.03,1.94,1.95,1.86,,,,,,,,,,,,,,,,,,,,,,,,,,,,,,,,,,,,,,,,,
E3,17/09/2022,15:00,Bradford,Stevenage,,,,,,,2.5,3.25,2.87,2.4,3.1,2.95,,,,2.6,3.23,2.95,2.5,3.1,2.9,2.38,3.1,2.8,2.6,3.32,3,2.46,3.17,2.89,2.25,1.61,2.24,1.69,2.3,1.69,2.22,1.62,0,1.68,2.15,1.83,2.07,1.83,2.15,1.75,2.04,,,,,,,,,,,,,,,,,,,,,,,,,,,,,,,,,,,,,,,,,
E3,17/09/2022,15:00,Carlisle,AFC Wimbledon,,,,,,,2.2,3.3,3.4,2.05,3.3,3.5,,,,2.17,3.46,3.52,2.1,3.25,3.5,2.05,3.25,3.3,2.2,3.5,3.6,2.11,3.34,3.44,2.1,1.7,2.12,1.77,2.2,1.77,2.09,1.7,-0.25,1.85,2,1.87,2.02,1.87,2.06,1.81,1.99,,,,,,,,,,,,,,,,,,,,,,,,,,,,,,,,,,,,,,,,,
E3,17/09/2022,15:00,Colchester,Grimsby,,,,,,,3,3.25,2.37,2.87,3.1,2.45,,,,3.08,3.45,2.39,3,3.2,2.38,2.8,3.2,2.3,3.13,3.51,2.45,2.97,3.27,2.36,2.07,1.72,2.08,1.79,2.1,1.79,2.04,1.73,0.25,1.8,2.05,1.84,2.06,1.84,2.13,1.79,2.01,,,,,,,,,,,,,,,,,,,,,,,,,,,,,,,,,,,,,,,,,
E3,17/09/2022,15:00,Crewe,Crawley Town,,,,,,,2.2,3.25,3.5,2.15,3.3,3.3,,,,2.13,3.49,3.59,2.15,3.25,3.4,2.05,3.25,3.3,2.2,3.52,3.6,2.12,3.31,3.42,2.07,1.72,2.07,1.82,2.16,1.82,2.03,1.74,-0.25,1.85,2,1.84,2.06,1.87,2.06,1.82,1.98,,,,,,,,,,,,,,,,,,,,,,,,,,,,,,,,,,,,,,,,,
E3,17/09/2022,15:00,Doncaster,Swindon,,,,,,,2.6,3.25,2.75,2.45,3.3,2.7,,,,2.66,3.37,2.77,2.5,3.25,2.75,2.45,3.2,2.6,2.7,3.51,2.77,2.55,3.3,2.69,2.05,1.8,2.05,1.83,2.06,1.83,1.99,1.78,0,1.88,1.98,1.9,1.98,1.94,1.98,1.86,1.95,,,,,,,,,,,,,,,,,,,,,,,,,,,,,,,,,,,,,,,,,
E3,17/09/2022,15:00,Gillingham,Mansfield,,,,,,,4,3.3,2,3.4,3.4,2.05,,,,3.84,3.47,2.06,3.4,3.3,2.1,3.4,3.3,2,4,3.5,2.1,3.6,3.37,2.04,2.15,1.66,2.18,1.73,2.2,1.73,2.14,1.67,0.25,2.1,1.7,2.14,1.76,2.14,1.82,2.05,1.75,,,,,,,,,,,,,,,,,,,,,,,,,,,,,,,,,,,,,,,,,
E3,17/09/2022,15:00,Leyton Orient,Walsall,,,,,,,1.85,3.6,4.2,1.85,3.4,4.2,,,,1.82,3.5,4.99,1.83,3.3,4.6,1.75,3.3,4.4,1.89,3.6,5,1.82,3.39,4.52,2.25,1.61,2.34,1.63,2.34,1.65,2.26,1.6,-0.5,1.83,2.02,1.82,2.09,1.89,2.09,1.8,2,,,,,,,,,,,,,,,,,,,,,,,,,,,,,,,,,,,,,,,,,
E3,17/09/2022,15:00,Newport County,Barrow,,,,,,,2.3,3.2,3.25,2.25,3.2,3.1,,,,2.35,3.21,3.37,2.3,3.1,3.2,2.25,3.1,3,2.35,3.3,3.52,2.28,3.16,3.2,2.35,1.57,2.45,1.59,2.45,1.6,2.34,1.56,-0.25,2,1.85,2,1.88,2.03,1.92,1.96,1.84,,,,,,,,,,,,,,,,,,,,,,,,,,,,,,,,,,,,,,,,,
E3,17/09/2022,15:00,Northampton,Rochdale,,,,,,,1.8,3.5,4.75,1.82,3.4,4.33,,,,1.79,3.62,4.98,1.83,3.4,4.4,1.73,3.4,4.4,1.92,3.68,5,1.79,3.49,4.51,2.1,1.7,2.15,1.75,2.15,1.76,2.08,1.7,-0.75,2,1.85,2.05,1.85,2.05,1.86,2.01,1.79,,,,,,,,,,,,,,,,,,,,,,,,,,,,,,,,,,,,,,,,,
E3,17/09/2022,15:00,Salford,Tranmere,,,,,,,1.75,3.6,4.75,1.78,3.5,4.5,,,,1.78,3.54,5.21,1.78,3.4,4.6,1.7,3.4,4.6,1.82,3.64,5.5,1.77,3.5,4.67,2.2,1.65,2.18,1.72,2.26,1.72,2.17,1.65,-0.75,2,1.85,2.04,1.85,2.04,1.87,2,1.8,,,,,,,,,,,,,,,,,,,,,,,,,,,,,,,,,,,,,,,,,
E3,17/09/2022,15:00,Stockport,Harrogate,,,,,,,1.57,3.8,6.5,1.62,3.8,5.25,,,,1.6,4.22,5.78,1.6,3.9,5.25,1.55,3.9,5,1.66,4.3,6.5,1.6,3.96,5.41,1.9,1.95,1.88,2,1.96,2,1.85,1.92,-0.75,1.73,2.08,1.76,2.15,1.86,2.15,1.75,2.06,,,,,,,,,,,,,,,,,,,,,,,,,,,,,,,,,,,,,,,,,
E3,17/09/2022,15:00,Sutton,Hartlepool,,,,,,,1.61,3.8,5.75,1.55,3.7,5.25,,,,1.62,4,5.87,1.6,3.7,5.8,1.6,3.7,4.8,1.66,4,6,1.61,3.8,5.44,2.05,1.75,2.05,1.83,2.05,1.83,2.01,1.76,-0.75,1.8,2.05,1.81,2.09,1.85,2.09,1.8,2.01,,,,,,,,,,,,,,,,,,,,,,,,,,,,,,,,,,,,,,,,,
EC,17/09/2022,15:00,Bromley,Maidstone,,,,,,,1.9,3.6,3.4,1.95,3.4,3.4,1.95,3.35,3.4,2.02,3.67,3.47,1.95,3.3,3.5,1.91,3.4,3.3,2.04,3.72,3.6,1.96,3.52,3.41,1.75,2.05,1.76,2.04,1.82,2.05,1.75,1.99,-0.5,1.98,1.83,2.04,1.83,2.04,1.89,1.96,1.8,,,,,,,,,,,,,,,,,,,,,,,,,,,,,,,,,,,,,,,,,
EC,17/09/2022,15:00,Dag and Red,Altrincham,,,,,,,1.83,3.5,3.8,1.83,3.5,3.7,1.85,3.45,3.7,1.96,3.75,3.7,1.73,3.5,4.2,1.83,3.4,3.6,2.03,3.75,3.88,1.88,3.58,3.65,1.8,2,1.82,2.03,1.84,2.05,1.79,1.94,-0.5,1.88,1.93,1.96,1.89,1.96,2,1.88,1.88,,,,,,,,,,,,,,,,,,,,,,,,,,,,,,,,,,,,,,,,,
EC,17/09/2022,15:00,Dorking,Notts County,,,,,,,4.33,3.8,1.65,4.4,3.9,1.63,4.3,3.8,1.65,4.78,4.31,1.65,4.4,3.7,1.65,4.33,3.8,1.6,5,4.4,1.68,4.5,4.02,1.63,1.57,2.35,1.57,2.42,1.63,2.42,1.58,2.27,0.75,1.98,1.83,2.04,1.82,2.04,1.83,1.97,1.8,,,,,,,,,,,,,,,,,,,,,,,,,,,,,,,,,,,,,,,,,
EC,17/09/2022,15:00,Gateshead,Boreham Wood,,,,,,,2.5,3.4,2.5,2.65,3.3,2.4,2.6,3.2,2.45,2.6,3.5,2.68,2.75,3.2,2.35,2.45,3.2,2.5,2.7,3.5,2.68,2.57,3.35,2.52,1.88,1.93,1.97,1.86,1.97,1.93,1.88,1.85,0,1.9,1.9,1.89,1.95,2.05,1.95,1.89,1.88,,,,,,,,,,,,,,,,,,,,,,,,,,,,,,,,,,,,,,,,,
EC,17/09/2022,15:00,Maidenhead,Woking,,,,,,,3,3.4,2.15,2.95,3.3,2.2,2.95,3.2,2.2,3.25,3.46,2.23,3.2,3.25,2.1,2.9,3.25,2.15,3.25,3.5,2.25,3.02,3.35,2.19,1.8,2,1.87,1.97,1.89,2,1.81,1.92,0.25,1.85,1.95,1.93,1.93,1.93,1.96,1.86,1.91,,,,,,,,,,,,,,,,,,,,,,,,,,,,,,,,,,,,,,,,,
EC,17/09/2022,15:00,Oldham,Eastleigh,,,,,,,1.95,3.5,3.5,1.98,3.4,3.3,2,3.4,3.2,2.18,3.71,3.17,2,3.25,3.4,2,3.3,3.13,2.18,3.71,3.5,2.07,3.49,3.17,1.77,2.02,1.86,1.97,1.91,2.04,1.8,1.93,-0.25,1.7,2.1,1.9,1.95,1.9,2.1,1.81,1.94,,,,,,,,,,,,,,,,,,,,,,,,,,,,,,,,,,,,,,,,,
EC,17/09/2022,15:00,Scunthorpe,York,,,,,,,2.8,3.4,2.3,2.75,3.3,2.3,2.85,3.2,2.3,2.85,3.42,2.49,2.8,3.2,2.3,2.75,3.2,2.25,2.9,3.68,2.49,2.79,3.37,2.33,1.88,1.93,1.99,1.85,1.99,1.98,1.84,1.9,0.25,1.77,2.02,1.74,2.14,1.8,2.14,1.76,2.01,,,,,,,,,,,,,,,,,,,,,,,,,,,,,,,,,,,,,,,,,
EC,17/09/2022,15:00,Solihull,Barnet,,,,,,,1.4,4,7,1.43,4.5,5.75,1.43,4.3,6,1.42,4.9,7.05,1.4,4.33,6.5,1.4,4.2,6,1.44,5,7.1,1.41,4.55,6.29,1.57,2.35,1.54,2.5,1.57,2.5,1.52,2.38,-1.25,1.95,1.85,1.97,1.88,2,1.9,1.92,1.84,,,,,,,,,,,,,,,,,,,,,,,,,,,,,,,,,,,,,,,,,
EC,17/09/2022,15:00,Southend,Wrexham,,,,,,,4.5,3.6,1.66,4.2,3.7,1.7,4.2,3.55,1.7,4.87,3.86,1.71,4.4,3.6,1.7,4.2,3.6,1.65,4.87,3.91,1.73,4.42,3.72,1.69,1.8,2,1.79,2.04,1.87,2.04,1.77,1.97,0.75,1.88,1.93,1.93,1.93,1.93,1.97,1.87,1.89,,,,,,,,,,,,,,,,,,,,,,,,,,,,,,,,,,,,,,,,,
EC,17/09/2022,15:00,Wealdstone,Torquay,,,,,,,2.2,3.4,2.87,2.15,3.4,2.95,2.15,3.25,2.95,2.13,3.5,3.45,2.1,3.25,3.2,2.05,3.3,3,2.2,3.54,3.45,2.12,3.41,3.11,1.75,2.05,1.8,2.03,1.87,2.05,1.78,1.95,-0.25,1.95,1.85,1.84,2.02,1.95,2.02,1.84,1.93,,,,,,,,,,,,,,,,,,,,,,,,,,,,,,,,,,,,,,,,,
EC,17/09/2022,15:00,Yeovil,Chesterfield,,,,,,,4.75,3.5,1.66,4.5,3.7,1.66,4.4,3.55,1.7,5.27,3.89,1.66,4.75,3.5,1.65,4.6,3.6,1.62,5.27,4.1,1.7,4.64,3.75,1.66,1.85,1.95,1.88,1.96,1.88,2.02,1.81,1.92,0.75,1.95,1.85,2,1.85,2,1.92,1.92,1.84,,,,,,,,,,,,,,,,,,,,,,,,,,,,,,,,,,,,,,,,,
EC,17/09/2022,17:20,Aldershot,Halifax,,,,,,,2.75,3.25,2.3,2.75,3.25,2.35,2.75,3.15,2.35,2.99,3.39,2.41,2.8,3.1,2.38,2.75,3.1,2.3,2.99,3.56,2.5,2.78,3.3,2.37,2.02,1.77,1.99,1.85,2.06,1.85,1.97,1.77,0.25,1.75,2.05,1.8,2.07,1.8,2.09,1.74,2.04,,,,,,,,,,,,,,,,,,,,,,,,,,,,,,,,,,,,,,,,,
F1,16/09/2022,20:00,Auxerre,Lorient,,,,,,,2.7,3.3,2.6,2.65,3.3,2.6,2.7,3.35,2.6,2.81,3.38,2.7,2.75,3.5,2.4,2.7,3.3,2.6,2.81,3.5,2.75,2.71,3.37,2.63,1.96,1.94,1.97,1.93,1.99,1.94,1.92,1.89,0,1.98,1.92,1.99,1.93,2.02,1.95,1.96,1.9,,,,,,,,,,,,,,,,,,,,,,,,,,,,,,,,,,,,,,,,,
F1,17/09/2022,16:00,Montpellier,Strasbourg,,,,,,,2.45,3.6,2.7,2.6,3.4,2.65,2.5,3.45,2.75,2.55,3.61,2.84,2.45,3.4,2.8,2.5,3.4,2.75,2.72,3.62,2.88,2.51,3.49,2.76,1.88,2.02,1.87,2.04,1.9,2.04,1.84,1.98,0,1.85,2.05,1.86,2.07,1.87,2.07,1.84,2.03,,,,,,,,,,,,,,,,,,,,,,,,,,,,,,,,,,,,,,,,,
F1,17/09/2022,20:00,Lille,Toulouse,,,,,,,1.75,3.9,4.5,1.8,3.8,4.1,1.75,4,4.3,1.79,4.13,4.49,1.78,3.9,4.2,1.73,3.9,4.5,1.82,4.2,4.5,1.77,4.02,4.28,1.66,2.2,1.68,2.31,1.68,2.32,1.65,2.24,-0.75,1.99,1.91,2,1.92,2.01,1.92,1.97,1.88,,,,,,,,,,,,,,,,,,,,,,,,,,,,,,,,,,,,,,,,,
F1,18/09/2022,12:00,Reims,Monaco,,,,,,,3.1,3.5,2.25,3.2,3.5,2.15,3.15,3.5,2.25,3.21,3.66,2.29,3.2,3.5,2.15,3.1,3.5,2.2,3.3,3.67,2.3,3.15,3.55,2.23,1.72,2.1,1.75,2.18,1.8,2.18,1.73,2.08,0.25,1.93,1.97,1.94,1.98,1.95,1.98,1.91,1.94,,,,,,,,,,,,,,,,,,,,,,,,,,,,,,,,,,,,,,,,,
F1,18/09/2022,14:00,Brest,Ajaccio,,,,,,,2.05,3.3,4,2.05,3.3,3.6,2.1,3.25,3.75,2.13,3.22,4.13,2.05,3.25,3.75,2,3.25,4,2.13,3.42,4.13,2.06,3.29,3.85,2.3,1.61,2.37,1.65,2.41,1.72,2.28,1.63,-0.5,2.07,1.83,2.13,1.82,2.13,1.86,2.05,1.82,,,,,,,,,,,,,,,,,,,,,,,,,,,,,,,,,,,,,,,,,
F1,18/09/2022,14:00,Clermont,Troyes,,,,,,,2.25,3.4,3.2,2.25,3.4,3.1,2.3,3.35,3.15,2.36,3.41,3.28,2.25,3.4,3.1,2.25,3.3,3.25,2.36,3.59,3.3,2.28,3.41,3.16,2.02,1.88,1.98,1.93,2.02,1.95,1.95,1.86,-0.25,1.97,1.93,2.02,1.91,2.02,1.94,1.96,1.89,,,,,,,,,,,,,,,,,,,,,,,,,,,,,,,,,,,,,,,,,
F1,18/09/2022,14:00,Marseille,Rennes,,,,,,,2.05,3.6,3.6,2.1,3.6,3.3,2.1,3.55,3.5,2.11,3.58,3.7,2,3.6,3.5,2,3.5,3.6,2.11,3.88,3.71,2.06,3.59,3.53,1.8,2,1.82,2.09,1.87,2.13,1.79,2.04,-0.5,2.05,1.85,2.11,1.83,2.11,1.87,2.05,1.81,,,,,,,,,,,,,,,,,,,,,,,,,,,,,,,,,,,,,,,,,
F1,18/09/2022,14:00,Nice,Angers,,,,,,,1.61,4,5.5,1.63,4,5.25,1.63,4,5.25,1.67,4.09,5.52,1.65,3.8,5.25,1.62,3.9,5.5,1.7,4.2,5.79,1.64,3.99,5.35,1.91,1.99,1.91,2,1.93,2,1.87,1.95,-0.75,1.83,2.07,1.86,2.07,1.86,2.1,1.82,2.04,,,,,,,,,,,,,,,,,,,,,,,,,,,,,,,,,,,,,,,,,
F1,18/09/2022,16:05,Nantes,Lens,,,,,,,3.1,3.5,2.2,2.95,3.5,2.3,3.1,3.45,2.3,3.29,3.62,2.26,3.1,3.4,2.25,3.2,3.4,2.2,3.3,3.66,2.4,3.13,3.53,2.25,1.85,2.05,1.83,2.07,1.86,2.09,1.79,2.03,0.25,1.94,1.96,1.96,1.96,1.96,1.99,1.92,1.93,,,,,,,,,,,,,,,,,,,,,,,,,,,,,,,,,,,,,,,,,
F1,18/09/2022,19:45,Lyon,Paris SG,,,,,,,4.5,4.75,1.61,4.5,4.6,1.63,4.6,4.6,1.63,4.53,4.9,1.67,4.6,4.4,1.62,4.8,4.4,1.6,4.9,4.9,1.68,4.57,4.68,1.63,1.36,3.2,1.42,3.03,1.42,3.2,1.38,3.05,1,1.86,2.04,1.88,2.05,1.93,2.09,1.85,2.01,,,,,,,,,,,,,,,,,,,,,,,,,,,,,,,,,,,,,,,,,
F2,17/09/2022,14:00,Bordeaux,Dijon,,,,,,,1.95,3.3,3.5,2,3.25,3.75,2,3.2,3.65,2.03,3.55,3.85,2,3.2,3.75,2,3.3,4,2.09,3.55,4,2,3.37,3.7,2.1,1.7,2.09,1.79,2.15,1.79,2.09,1.71,-0.5,2,1.85,2.03,1.87,2.03,1.91,1.97,1.83,,,,,,,,,,,,,,,,,,,,,,,,,,,,,,,,,,,,,,,,,
F2,17/09/2022,14:00,Guingamp,St Etienne,,,,,,,2.2,3.2,3,2.25,3.25,3.1,2.3,3.05,2.95,2.38,3.27,3.26,2.3,3.1,3.1,2.3,3.2,3.2,2.38,3.55,3.28,2.28,3.25,3.09,2.1,1.7,2.13,1.76,2.25,1.78,2.1,1.7,-0.25,1.98,1.88,2.03,1.86,2.03,1.9,1.96,1.85,,,,,,,,,,,,,,,,,,,,,,,,,,,,,,,,,,,,,,,,,
F2,17/09/2022,18:00,Amiens,Niort,,,,,,,1.85,3.3,4,1.9,3.4,4,1.95,3.25,3.85,1.96,3.42,4.1,1.91,3.25,4,1.95,3.25,4.2,1.98,3.47,4.2,1.92,3.36,3.97,2.15,1.66,2.15,1.72,2.25,1.72,2.14,1.67,-0.5,1.93,1.93,1.98,1.91,1.98,1.97,1.92,1.89,,,,,,,,,,,,,,,,,,,,,,,,,,,,,,,,,,,,,,,,,
F2,17/09/2022,18:00,Bastia,Metz,,,,,,,2.37,3.2,2.75,2.3,3.2,3.1,2.35,3.05,2.9,2.54,3.22,3.04,2.4,3,3,2.5,3.1,3,2.55,3.25,3.1,2.41,3.15,2.97,2.2,1.65,2.32,1.65,2.33,1.67,2.22,1.63,-0.25,2.08,1.73,2.15,1.76,2.15,1.86,2.07,1.76,,,,,,,,,,,,,,,,,,,,,,,,,,,,,,,,,,,,,,,,,
F2,17/09/2022,18:00,Grenoble,Caen,,,,,,,3.2,3.1,2.2,3.2,3,2.3,3.1,2.9,2.3,3.43,3.05,2.42,3.3,2.9,2.3,3.4,2.9,2.38,3.43,3.3,2.42,3.23,3.05,2.31,2.5,1.5,2.58,1.54,2.6,1.55,2.48,1.51,0.25,1.88,1.98,1.86,2.03,1.9,2.05,1.84,1.97,,,,,,,,,,,,,,,,,,,,,,,,,,,,,,,,,,,,,,,,,
F2,17/09/2022,18:00,Le Havre,Annecy,,,,,,,1.83,3.3,4,1.9,3.3,4.1,1.9,3.2,4,1.92,3.31,4.73,1.88,3.2,4.33,1.9,3.25,4.5,1.96,3.45,4.73,1.89,3.33,4.19,2.35,1.57,2.4,1.61,2.42,1.62,2.33,1.58,-0.5,1.9,1.95,1.92,1.97,1.95,1.97,1.87,1.93,,,,,,,,,,,,,,,,,,,,,,,,,,,,,,,,,,,,,,,,,
F2,17/09/2022,18:00,Paris FC,Rodez,,,,,,,1.7,3.4,4.75,1.77,3.5,4.5,1.73,3.3,4.6,1.76,3.55,5.33,1.75,3.25,5,1.8,3.4,5,1.8,3.56,5.33,1.75,3.45,4.83,2.2,1.65,2.32,1.65,2.32,1.67,2.22,1.63,-0.75,2.02,1.83,2.03,1.86,2.05,1.87,2,1.82,,,,,,,,,,,,,,,,,,,,,,,,,,,,,,,,,,,,,,,,,
F2,17/09/2022,18:00,Pau FC,Valenciennes,,,,,,,2.5,3.1,2.62,2.65,3.1,2.7,2.55,2.95,2.7,2.66,3.1,2.99,2.55,3,2.8,2.63,3,2.9,2.66,3.18,2.99,2.57,3.07,2.81,2.35,1.57,2.38,1.62,2.42,1.64,2.31,1.59,0,1.8,2.05,1.83,2.07,1.89,2.07,1.81,2,,,,,,,,,,,,,,,,,,,,,,,,,,,,,,,,,,,,,,,,,
F2,17/09/2022,18:00,Quevilly Rouen,Laval,,,,,,,2.25,3.3,2.87,2.37,3.1,2.95,2.3,3.05,2.95,2.42,3.21,3.24,2.35,3,3.1,2.38,3.1,3.2,2.45,3.3,3.24,2.35,3.14,3.07,2.2,1.65,2.25,1.68,2.3,1.68,2.22,1.63,-0.25,2.02,1.83,2.06,1.84,2.1,1.84,2.01,1.81,,,,,,,,,,,,,,,,,,,,,,,,,,,,,,,,,,,,,,,,,
F2,17/09/2022,18:00,Sochaux,Nimes,,,,,,,1.6,3.75,5,1.6,3.75,5.5,1.6,3.55,5.5,1.61,3.85,6.4,1.6,3.5,5.8,1.65,3.6,6,1.65,3.9,6.4,1.6,3.71,5.69,2.05,1.75,2.07,1.8,2.11,1.8,2.03,1.75,-1,2.08,1.73,2.15,1.76,2.15,1.83,2.09,1.74,,,,,,,,,,,,,,,,,,,,,,,,,,,,,,,,,,,,,,,,,
G1,17/09/2022,18:00,Atromitos,Lamia,,,,,,,1.9,3.4,4.5,1.83,3.3,4.4,1.9,3.35,4.3,1.85,3.44,4.65,1.85,3.1,4.2,1.85,3.2,4.5,1.96,3.45,5,1.86,3.3,4.37,2.3,1.6,2.38,1.59,2.43,1.63,2.32,1.57,-0.5,1.83,2.02,1.85,2.01,1.9,2.07,1.84,1.95,,,,,,,,,,,,,,,,,,,,,,,,,,,,,,,,,,,,,,,,,
G1,17/09/2022,18:00,Panetolikos,AEK,,,,,,,6,3.6,1.65,5,3.6,1.68,5.75,3.55,1.67,5.42,3.87,1.62,5.25,3.5,1.6,5.5,3.5,1.65,6,3.94,1.75,5.36,3.63,1.64,2.07,1.72,2.01,1.83,2.13,1.83,2.03,1.74,0.75,2,1.85,2.05,1.81,2.05,1.92,1.97,1.82,,,,,,,,,,,,,,,,,,,,,,,,,,,,,,,,,,,,,,,,,
G1,17/09/2022,19:30,Panathinaikos,Giannina,,,,,,,1.28,5.25,13,1.27,5.25,12.5,1.27,5.25,13,1.26,5.43,13.43,1.22,4.8,13,1.25,5,15,1.28,5.5,17.3,1.25,5.17,12.65,1.98,1.88,1.94,1.89,2.03,1.95,1.91,1.85,-1.5,1.85,2,1.88,1.97,1.92,2.07,1.84,1.94,,,,,,,,,,,,,,,,,,,,,,,,,,,,,,,,,,,,,,,,,
G1,18/09/2022,16:00,Levadeiakos,Asteras Tripolis,,,,,,,2.8,3.1,2.62,2.87,3.1,2.45,2.85,3.1,2.6,2.85,3.11,2.61,2.8,3,2.45,2.88,3,2.55,3,3.2,2.65,2.83,3.07,2.54,2.3,1.6,2.42,1.56,2.55,1.6,2.36,1.56,0,2.02,1.83,2,1.83,2.08,1.86,2,1.8,,,,,,,,,,,,,,,,,,,,,,,,,,,,,,,,,,,,,,,,,
G1,18/09/2022,17:00,OFI Crete,PAOK,,,,,,,4.75,3.25,1.85,4.4,3.3,1.85,4.6,3.3,1.85,4.26,3.51,1.85,4.33,3.2,1.8,4.5,3.2,1.85,4.75,3.58,1.88,4.33,3.35,1.84,2.2,1.65,2.13,1.7,2.2,1.81,2.13,1.67,0.5,2,1.85,1.96,1.85,2.04,1.91,1.94,1.84,,,,,,,,,,,,,,,,,,,,,,,,,,,,,,,,,,,,,,,,,
G1,18/09/2022,18:00,Aris,Olympiakos,,,,,,,3.5,3.3,2.15,3.5,3.25,2.1,3.5,3.3,2.15,3.79,3.28,2.05,3.6,3.1,2,,,,4.05,3.45,2.17,3.56,3.27,2.07,2.15,1.66,2.24,1.64,2.25,1.75,2.16,1.66,0.25,2,1.85,2.08,1.75,2.09,1.85,2.02,1.78,,,,,,,,,,,,,,,,,,,,,,,,,,,,,,,,,,,,,,,,,
G1,18/09/2022,19:00,Volos NFC,Ionikos,,,,,,,2,3.3,4,2,3.3,3.6,2.05,3.25,3.9,1.99,3.35,3.89,1.95,3.2,3.6,2,3.3,3.7,2.05,3.52,4.15,1.99,3.31,3.75,2.1,1.7,2,1.81,2.14,1.81,2.03,1.75,-0.5,2.02,1.83,1.99,1.83,2.05,1.88,1.99,1.8,,,,,,,,,,,,,,,,,,,,,,,,,,,,,,,,,,,,,,,,,
I1,16/09/2022,19:45,Salernitana,Lecce,,,,,,,2.25,3.3,3.3,2.2,3.3,3.25,2.25,3.3,3.3,2.3,3.35,3.46,2.25,3.25,3.3,2.25,3.13,3.4,2.3,3.46,3.57,2.25,3.33,3.37,2.06,1.84,2.07,1.85,2.07,1.88,2.01,1.81,-0.25,1.95,1.95,1.97,1.95,1.97,2,1.92,1.94,,,,,,,,,,,,,,,,,,,,,,,,,,,,,,,,,,,,,,,,,
I1,17/09/2022,14:00,Bologna,Empoli,,,,,,,2.1,3.5,3.4,2.15,3.5,3.3,2.15,3.5,3.35,2.17,3.57,3.54,2.1,3.4,3.4,2.05,3.13,3.4,2.2,3.7,3.6,2.13,3.52,3.42,1.92,1.98,1.91,2,1.95,2.02,1.88,1.94,-0.25,1.85,2.05,1.88,2.05,1.88,2.13,1.84,2.03,,,,,,,,,,,,,,,,,,,,,,,,,,,,,,,,,,,,,,,,,
I1,17/09/2022,17:00,Spezia,Sampdoria,,,,,,,2.7,3.25,2.7,2.55,3.3,2.7,2.65,3.25,2.7,2.78,3.24,2.82,2.7,3.1,2.7,2.55,3,2.7,2.78,3.4,2.83,2.69,3.24,2.74,2.07,1.83,2.1,1.81,2.1,1.88,2,1.8,0,1.94,1.96,1.95,1.97,1.95,2.01,1.91,1.96,,,,,,,,,,,,,,,,,,,,,,,,,,,,,,,,,,,,,,,,,
I1,17/09/2022,19:45,Torino,Sassuolo,,,,,,,1.8,3.75,4.5,1.8,3.8,4.2,1.8,3.8,4.2,1.85,3.81,4.49,1.8,3.7,4.2,1.73,3.4,4.4,1.92,4,4.6,1.83,3.77,4.3,1.72,2.1,1.81,2.1,1.83,2.14,1.77,2.07,-0.5,1.77,2.02,1.85,2.08,1.85,2.13,1.82,2.04,,,,,,,,,,,,,,,,,,,,,,,,,,,,,,,,,,,,,,,,,
I1,18/09/2022,11:30,Udinese,Inter,,,,,,,3.8,3.6,1.95,3.7,3.75,1.9,3.75,3.75,1.95,4.07,3.89,1.92,3.8,3.75,1.88,3.8,3.4,1.85,4.07,4.05,1.96,3.83,3.8,1.92,1.66,2.2,1.75,2.19,1.75,2.29,1.68,2.2,0.5,1.98,1.92,2,1.92,2,1.96,1.94,1.92,,,,,,,,,,,,,,,,,,,,,,,,,,,,,,,,,,,,,,,,,
I1,18/09/2022,14:00,Cremonese,Lazio,,,,,,,4.33,3.75,1.8,4.2,3.9,1.78,4.2,3.85,1.83,4.25,4.01,1.85,4.2,3.7,1.8,4.33,3.4,1.73,4.4,4.15,1.87,4.22,3.9,1.81,1.72,2.1,1.75,2.18,1.78,2.25,1.72,2.14,0.75,1.82,2.08,1.83,2.09,1.85,2.09,1.83,2.04,,,,,,,,,,,,,,,,,,,,,,,,,,,,,,,,,,,,,,,,,
I1,18/09/2022,14:00,Fiorentina,Verona,,,,,,,1.75,3.8,4.5,1.73,3.8,4.5,1.77,3.85,4.4,1.84,3.86,4.53,1.75,3.75,4.5,1.7,3.4,4.6,1.85,4.1,4.7,1.78,3.85,4.48,1.8,2,1.82,2.08,1.87,2.11,1.79,2.04,-0.75,2.02,1.88,2.08,1.85,2.08,1.91,1.99,1.87,,,,,,,,,,,,,,,,,,,,,,,,,,,,,,,,,,,,,,,,,
I1,18/09/2022,14:00,Monza,Juventus,,,,,,,4.5,3.6,1.8,4.2,3.6,1.83,4.3,3.65,1.85,4.62,3.73,1.85,4.33,3.6,1.8,4.33,3.25,1.8,4.7,3.86,1.88,4.41,3.63,1.84,1.98,1.92,2,1.91,2,1.93,1.94,1.87,0.5,2.05,1.85,2.08,1.85,2.08,1.88,2.02,1.85,,,,,,,,,,,,,,,,,,,,,,,,,,,,,,,,,,,,,,,,,
I1,18/09/2022,17:00,Roma,Atalanta,,,,,,,2.05,3.5,3.5,2.05,3.6,3.4,2.1,3.55,3.4,2.12,3.56,3.71,2.05,3.5,3.5,1.95,3.25,3.6,2.15,3.69,3.76,2.07,3.57,3.55,1.87,2.03,1.88,2.02,1.92,2.08,1.83,2,-0.5,2.06,1.84,2.11,1.82,2.14,1.89,2.06,1.81,,,,,,,,,,,,,,,,,,,,,,,,,,,,,,,,,,,,,,,,,
I1,18/09/2022,19:45,Milan,Napoli,,,,,,,2.15,3.5,3.3,2.15,3.5,3.25,2.15,3.45,3.4,2.18,3.57,3.54,2.1,3.4,3.4,2,3.13,3.5,2.26,3.75,3.65,2.14,3.5,3.44,1.93,1.97,1.93,1.98,1.97,2.02,1.88,1.94,-0.25,1.86,2.04,1.88,2.05,1.89,2.13,1.84,2.03,,,,,,,,,,,,,,,,,,,,,,,,,,,,,,,,,,,,,,,,,
I2,16/09/2022,19:30,Brescia,Benevento,,,,,,,2.15,3,3.3,2.2,3.3,3.1,2.25,3.25,3.15,2.27,3.29,3.53,,,,2.25,3.2,3.4,2.31,3.45,3.53,2.23,3.26,3.21,2,1.85,2.02,1.87,2.02,1.89,1.96,1.82,-0.25,1.9,1.95,1.93,1.97,1.93,1.99,1.9,1.93,,,,,,,,,,,,,,,,,,,,,,,,,,,,,,,,,,,,,,,,,
I2,17/09/2022,13:00,Ascoli,Parma,,,,,,,2.9,3.2,2.25,3,3.2,2.3,3.05,3.2,2.3,3.26,3.24,2.43,,,,3.1,3.2,2.4,3.26,3.3,2.43,3.07,3.18,2.34,2.05,1.75,2.07,1.83,2.07,1.83,2.01,1.78,0.25,1.8,2.05,1.85,2.07,1.85,2.11,1.81,2.02,,,,,,,,,,,,,,,,,,,,,,,,,,,,,,,,,,,,,,,,,
I2,17/09/2022,13:00,Cagliari,Bari,,,,,,,1.8,3.4,4.2,1.8,3.5,4.33,1.83,3.5,4.2,1.88,3.5,4.74,,,,1.85,3.4,4.5,1.88,3.68,4.74,1.82,3.49,4.33,2.02,1.83,2.03,1.86,2.04,1.87,1.97,1.81,-0.5,1.83,2.02,1.88,2.03,1.88,2.09,1.81,2,,,,,,,,,,,,,,,,,,,,,,,,,,,,,,,,,,,,,,,,,
I2,17/09/2022,13:00,Como,Spal,,,,,,,2.3,3.3,2.8,2.37,3.3,2.87,2.4,3.35,2.9,2.5,3.28,3.1,,,,2.4,3.2,3.1,2.5,3.51,3.1,2.34,3.34,2.93,1.95,1.9,1.98,1.91,1.98,1.94,1.91,1.86,-0.25,2.05,1.8,2.13,1.8,2.13,1.84,2.03,1.8,,,,,,,,,,,,,,,,,,,,,,,,,,,,,,,,,,,,,,,,,
I2,17/09/2022,13:00,Frosinone,Palermo,,,,,,,1.8,3.3,4.2,1.8,3.5,4.2,1.85,3.45,4.1,1.9,3.44,4.72,,,,1.85,3.5,4.4,1.9,3.72,4.72,1.83,3.53,4.2,1.93,1.93,1.95,1.93,1.95,1.96,1.88,1.9,-0.5,1.85,2,1.9,2.01,1.9,2.07,1.82,2,,,,,,,,,,,,,,,,,,,,,,,,,,,,,,,,,,,,,,,,,
I2,17/09/2022,13:00,Reggina,Cittadella,,,,,,,2.15,3.2,3.2,2.3,3.2,3.1,2.3,3.15,3.2,2.33,3.23,3.46,,,,2.38,3.1,3.3,2.38,3.33,3.5,2.27,3.17,3.22,2.2,1.65,2.26,1.69,2.28,1.7,2.2,1.65,-0.25,1.95,1.9,1.98,1.93,2,1.93,1.95,1.87,,,,,,,,,,,,,,,,,,,,,,,,,,,,,,,,,,,,,,,,,
I2,17/09/2022,13:00,Sudtirol,Cosenza,,,,,,,2.1,3.25,3.3,2.2,3.2,3.3,2.2,3.2,3.3,2.2,3.16,3.89,,,,2.2,3.1,3.7,2.2,3.3,3.89,2.16,3.12,3.53,2.25,1.61,2.34,1.65,2.34,1.65,2.26,1.61,-0.25,1.83,2.02,1.86,2.05,1.91,2.06,1.84,1.99,,,,,,,,,,,,,,,,,,,,,,,,,,,,,,,,,,,,,,,,,
I2,17/09/2022,13:00,Venezia,Pisa,,,,,,,2.2,3.25,3.1,2.15,3.3,3.2,2.3,3.25,3.1,2.38,3.17,3.43,,,,2.38,3.13,3.2,2.38,3.32,3.43,2.28,3.18,3.19,2.1,1.7,2.18,1.74,2.18,1.79,2.1,1.71,-0.25,1.98,1.88,2.01,1.89,2.02,1.92,1.95,1.87,,,,,,,,,,,,,,,,,,,,,,,,,,,,,,,,,,,,,,,,,
I2,17/09/2022,15:15,Genoa,Modena,,,,,,,1.5,3.75,6,1.57,4,5.5,1.55,4,6,1.55,4.05,7.12,,,,1.53,3.9,7,1.57,4.3,7.12,1.54,4,5.9,1.93,1.93,1.93,1.96,1.94,1.96,1.88,1.9,-1,1.98,1.88,1.97,1.93,2.04,1.93,1.96,1.86,,,,,,,,,,,,,,,,,,,,,,,,,,,,,,,,,,,,,,,,,
I2,18/09/2022,15:15,Ternana,Perugia,,,,,,,2.4,3.25,2.75,2.35,3.3,2.87,2.5,3.25,2.85,2.59,3.21,2.98,,,,2.5,3.25,2.9,2.59,3.49,2.98,2.47,3.21,2.85,2,1.85,2.06,1.84,2.06,1.91,1.96,1.82,0,1.77,2.1,1.82,2.1,1.85,2.14,1.78,2.05,,,,,,,,,,,,,,,,,,,,,,,,,,,,,,,,,,,,,,,,,
N1,16/09/2022,19:00,Utrecht,Nijmegen,,,,,,,1.7,3.75,5,1.68,4,4.75,1.7,3.85,4.7,1.72,4.04,4.96,1.67,3.8,4.75,1.67,3.9,4.75,1.75,4.2,5,1.69,3.98,4.7,1.7,2.1,1.72,2.21,1.75,2.28,1.68,2.17,-0.75,1.9,2,1.92,1.99,1.92,2.01,1.88,1.96,,,,,,,,,,,,,,,,,,,,,,,,,,,,,,,,,,,,,,,,,
N1,17/09/2022,15:30,Sparta Rotterdam,Groningen,,,,,,,2.2,3.25,3.6,2.15,3.4,3.3,2.25,3.2,3.2,2.17,3.44,3.62,2.15,3.3,3.3,2.15,3.25,3.4,2.28,3.55,3.62,2.18,3.35,3.35,2.05,1.75,2.09,1.8,2.13,1.86,2.04,1.76,-0.25,1.9,2,1.86,2.05,1.92,2.05,1.87,1.97,,,,,,,,,,,,,,,,,,,,,,,,,,,,,,,,,,,,,,,,,
N1,17/09/2022,17:45,Vitesse,Volendam,,,,,,,1.45,5,6,1.46,5,6,1.47,4.8,5.75,1.48,5.05,6.31,1.44,4.6,6.5,1.44,4.75,6,1.5,5.1,6.5,1.46,4.87,6.03,1.4,2.87,1.43,2.97,1.44,3.07,1.4,2.86,-1.25,1.97,1.93,1.95,1.95,1.99,1.95,1.94,1.9,,,,,,,,,,,,,,,,,,,,,,,,,,,,,,,,,,,,,,,,,
N1,17/09/2022,19:00,Waalwijk,Cambuur,,,,,,,2.2,3.4,3.3,2.15,3.7,3.1,2.15,3.5,3.1,2.2,3.71,3.28,2.1,3.5,3.2,2.1,3.6,3.13,2.2,3.78,3.3,2.15,3.62,3.16,1.66,2.15,1.69,2.26,1.72,2.31,1.67,2.18,-0.25,1.92,1.98,1.92,1.99,1.92,2.02,1.88,1.95,,,,,,,,,,,,,,,,,,,,,,,,,,,,,,,,,,,,,,,,,
N1,17/09/2022,20:00,For Sittard,Excelsior,,,,,,,1.8,4,4.2,1.83,4,3.8,1.83,3.95,3.8,1.84,4.27,3.98,1.8,3.9,3.9,1.8,3.9,3.9,1.85,4.3,4.2,1.81,4.07,3.87,1.53,2.4,1.54,2.59,1.58,2.66,1.5,2.49,-0.75,2.05,1.85,2.06,1.85,2.07,1.87,2.02,1.82,,,,,,,,,,,,,,,,,,,,,,,,,,,,,,,,,,,,,,,,,
N1,18/09/2022,11:15,Go Ahead Eagles,FC Emmen,,,,,,,2.5,3.3,2.9,2.37,3.5,2.85,2.4,3.35,2.85,2.52,3.44,2.94,2.4,3.4,2.8,2.4,3.4,2.8,2.52,3.58,3.05,2.42,3.41,2.85,1.85,2,1.89,1.99,1.91,2.05,1.82,1.97,-0.25,2.1,1.7,2.16,1.76,2.16,1.85,2.1,1.76,,,,,,,,,,,,,,,,,,,,,,,,,,,,,,,,,,,,,,,,,
N1,18/09/2022,13:30,Heerenveen,Twente,,,,,,,2.9,3.4,2.4,2.8,3.4,2.45,2.9,3.2,2.45,2.96,3.44,2.51,2.88,3.25,2.4,2.88,3.3,2.4,2.96,3.6,2.58,2.86,3.37,2.43,1.9,1.95,1.95,1.93,1.96,2,1.87,1.92,0,2.13,1.78,2.13,1.8,2.13,1.83,2.09,1.77,,,,,,,,,,,,,,,,,,,,,,,,,,,,,,,,,,,,,,,,,
N1,18/09/2022,13:30,PSV Eindhoven,Feyenoord,,,,,,,1.85,3.75,4.2,1.85,4,3.7,1.9,3.85,3.65,1.89,4.07,3.92,1.85,3.8,3.7,1.83,3.9,3.75,1.94,4.25,4.2,1.87,3.95,3.75,1.5,2.5,1.52,2.62,1.55,2.66,1.5,2.52,-0.5,1.87,2.03,1.89,2.02,1.92,2.04,1.87,1.97,,,,,,,,,,,,,,,,,,,,,,,,,,,,,,,,,,,,,,,,,
N1,18/09/2022,15:45,AZ Alkmaar,Ajax,,,,,,,4.75,4.2,1.66,4.4,4.2,1.68,4.3,4.1,1.7,5,4.28,1.68,4.6,3.9,1.67,4.75,4,1.65,5,4.4,1.72,4.55,4.17,1.67,1.6,2.3,1.65,2.34,1.66,2.48,1.58,2.33,0.75,2.02,1.88,2.07,1.84,2.07,1.9,2.01,1.83,,,,,,,,,,,,,,,,,,,,,,,,,,,,,,,,,,,,,,,,,
P1,16/09/2022,20:15,Portimonense,Chaves,,,,,,,2.1,3.25,3.5,2.2,3.2,3.3,2.2,3.25,3.4,2.2,3.27,3.73,2.15,3,3.7,2.1,3.25,3.5,2.24,3.3,3.88,2.17,3.2,3.51,2.2,1.65,2.28,1.68,2.31,1.7,2.22,1.65,-0.25,1.86,2.04,1.88,2.04,1.91,2.05,1.86,1.99,,,,,,,,,,,,,,,,,,,,,,,,,,,,,,,,,,,,,,,,,
P1,17/09/2022,15:30,Gil Vicente,Rio Ave,,,,,,,1.95,3.3,3.8,1.98,3.3,3.75,2.05,3.35,3.75,2.03,3.45,4.07,2,3.25,3.8,2,3.25,3.8,2.05,3.45,4.1,2.01,3.36,3.79,2.1,1.7,2.16,1.75,2.29,1.76,2.13,1.7,-0.5,2.03,1.87,2.03,1.88,2.07,1.88,2.01,1.83,,,,,,,,,,,,,,,,,,,,,,,,,,,,,,,,,,,,,,,,,
P1,17/09/2022,15:30,Santa Clara,Pacos Ferreira,,,,,,,2,3.3,3.75,2,3.2,3.8,2.05,3.25,3.8,2.06,3.27,4.23,2,3.2,3.9,2,3.25,3.8,2.06,3.44,4.23,2.03,3.25,3.9,2.2,1.65,2.19,1.74,2.3,1.74,2.2,1.67,-0.5,2.03,1.87,2.06,1.85,2.06,1.87,2.03,1.82,,,,,,,,,,,,,,,,,,,,,,,,,,,,,,,,,,,,,,,,,
P1,17/09/2022,18:00,Estoril,Porto,,,,,,,9.5,5,1.3,9.75,5,1.31,10,5.5,1.3,11.65,5.36,1.32,11,5,1.29,11,5.25,1.29,12,5.5,1.33,10.38,5.23,1.3,1.7,2.1,1.73,2.19,1.75,2.2,1.71,2.13,1.5,1.98,1.92,1.96,1.94,2.01,2,1.93,1.91,,,,,,,,,,,,,,,,,,,,,,,,,,,,,,,,,,,,,,,,,
P1,17/09/2022,20:30,Boavista,Sp Lisbon,,,,,,,6.5,4.33,1.45,6.5,4.33,1.47,6.5,4.4,1.5,7.9,4.33,1.48,7,4,1.47,7,4.2,1.45,8,4.5,1.5,6.93,4.28,1.47,1.88,1.98,1.9,1.99,1.91,2,1.85,1.95,1,2.07,1.83,2.13,1.78,2.16,1.85,2.06,1.79,,,,,,,,,,,,,,,,,,,,,,,,,,,,,,,,,,,,,,,,,
P1,18/09/2022,15:30,Arouca,Guimaraes,,,,,,,3,3.2,2.37,2.95,3.2,2.37,3.05,3.2,2.4,3.1,3.34,2.47,3,3.1,2.4,3,3.1,2.4,3.2,3.38,2.49,3,3.23,2.4,2.15,1.66,2.23,1.71,2.28,1.72,2.18,1.67,0.25,1.82,2.08,1.82,2.11,1.83,2.21,1.78,2.07,,,,,,,,,,,,,,,,,,,,,,,,,,,,,,,,,,,,,,,,,
P1,18/09/2022,18:00,Benfica,Maritimo,,,,,,,1.11,9,21,1.12,9,19,1.12,8.75,20,1.12,10.02,26.07,1.11,8,23,1.09,9,23,1.14,10.5,26.07,1.11,9.1,20.3,1.36,3.1,1.36,3.22,1.4,3.45,1.36,3.07,-2.5,2.04,1.86,2.01,1.88,2.11,1.89,2.01,1.83,,,,,,,,,,,,,,,,,,,,,,,,,,,,,,,,,,,,,,,,,
P1,18/09/2022,18:00,Casa Pia,Famalicao,,,,,,,2.37,3,3.2,2.35,2.95,3.2,2.4,3.05,3.25,2.47,3.05,3.4,2.38,2.88,3.3,2.38,3,3.2,2.47,3.16,3.4,2.38,3.03,3.24,2.4,1.53,2.5,1.58,2.55,1.59,2.44,1.54,-0.25,2.05,1.85,2.08,1.84,2.08,1.87,2.02,1.82,,,,,,,,,,,,,,,,,,,,,,,,,,,,,,,,,,,,,,,,,
P1,18/09/2022,20:30,Sp Braga,Vizela,,,,,,,1.3,5,9.5,1.32,5.25,8.75,1.33,5.5,8.5,1.33,5.59,10,1.3,5,9.5,1.29,5.25,9.5,1.36,5.7,10,1.32,5.27,8.83,1.6,2.3,1.65,2.35,1.66,2.38,1.61,2.3,-1.5,1.97,1.93,1.99,1.92,1.99,1.95,1.94,1.9,,,,,,,,,,,,,,,,,,,,,,,,,,,,,,,,,,,,,,,,,
SC0,17/09/2022,15:00,Hibernian,Aberdeen,,,,,,,2.25,3.25,3.4,2.3,3.1,3.1,2.35,3.2,3.15,2.38,3.29,3.3,2.35,3.1,3.1,2.3,3.1,3.13,2.38,3.29,3.4,2.31,3.18,3.18,2.2,1.66,2.28,1.68,2.3,1.72,2.2,1.65,-0.25,2,1.85,2.03,1.88,2.03,1.91,1.97,1.85,,,,,,,,,,,,,,,,,,,,,,,,,,,,,,,,,,,,,,,,,
SC0,17/09/2022,15:00,Livingston,Kilmarnock,,,,,,,2,3.3,4,1.98,3.3,3.8,2.05,3.3,3.8,2.03,3.45,4.08,2,3.25,3.8,1.95,3.25,3.9,2.07,3.45,4.1,2,3.31,3.85,2.2,1.66,2.23,1.71,2.25,1.71,2.18,1.66,-0.5,2,1.85,2.03,1.88,2.05,1.91,1.99,1.83,,,,,,,,,,,,,,,,,,,,,,,,,,,,,,,,,,,,,,,,,
SC0,17/09/2022,15:00,Rangers,Dundee United,,,,,,,1.11,9,21,1.12,9,21,1.15,7.5,19,1.13,9.31,23.59,1.1,8,26,1.1,8.5,21,1.16,9.6,26,1.12,8.55,20.86,1.44,2.75,1.46,2.79,1.45,2.9,1.42,2.76,-2.25,1.85,2,1.93,1.96,1.89,2.06,1.82,1.99,,,,,,,,,,,,,,,,,,,,,,,,,,,,,,,,,,,,,,,,,
SC0,17/09/2022,15:00,St Johnstone,Ross County,,,,,,,2.37,3.2,3.2,2.3,3.1,3.1,2.35,3.15,3.2,2.43,3.22,3.28,2.3,3.1,3.2,2.3,3.1,3.1,2.43,3.4,3.55,2.32,3.18,3.15,2.3,1.61,2.44,1.61,2.45,1.61,2.35,1.57,-0.25,2.02,1.83,2.06,1.85,2.06,1.89,1.99,1.82,,,,,,,,,,,,,,,,,,,,,,,,,,,,,,,,,,,,,,,,,
SC0,18/09/2022,12:00,St Mirren,Celtic,,,,,,,17,7.5,1.16,14,7,1.18,14,7,1.2,17.42,7.24,1.19,17,6.5,1.17,15,7,1.15,17.42,7.5,1.21,15.12,6.95,1.18,1.5,2.62,1.51,2.64,1.51,2.8,1.47,2.62,2,1.98,1.88,2,1.88,2,1.96,1.93,1.88,,,,,,,,,,,,,,,,,,,,,,,,,,,,,,,,,,,,,,,,,
SC0,18/09/2022,15:00,Motherwell,Hearts,,,,,,,2.75,3.5,2.5,2.65,3.3,2.55,2.8,3.35,2.5,2.82,3.44,2.62,2.75,3.25,2.5,2.75,3.25,2.5,2.82,3.52,2.62,2.75,3.34,2.5,2,1.85,2.03,1.86,2.03,1.89,1.96,1.82,0,2.02,1.83,2.03,1.88,2.08,1.89,1.99,1.82,,,,,,,,,,,,,,,,,,,,,,,,,,,,,,,,,,,,,,,,,
SC1,17/09/2022,15:00,Dundee,Inverness C,,,,,,,1.9,3.6,3.8,1.87,3.4,3.75,1.95,3.35,3.7,1.83,3.65,4.4,1.91,3.2,3.8,1.8,3.3,3.8,1.99,3.65,4.4,1.89,3.44,3.83,2.02,1.83,2,1.85,2.04,1.85,1.97,1.78,-0.5,1.9,1.95,1.83,2.03,1.95,2.03,1.89,1.89,,,,,,,,,,,,,,,,,,,,,,,,,,,,,,,,,,,,,,,,,
SC1,17/09/2022,15:00,Hamilton,Queens Park,,,,,,,2.15,3.4,3.25,2.1,3.25,3.2,2.15,3.2,3.3,2.24,3.39,3.3,2.05,3.2,3.3,2.05,3.2,3.13,2.24,3.61,3.4,2.14,3.35,3.19,2,1.85,2.02,1.83,2.05,1.86,1.96,1.79,-0.25,1.85,2,1.93,1.93,1.93,2.04,1.86,1.92,,,,,,,,,,,,,,,,,,,,,,,,,,,,,,,,,,,,,,,,,
SC1,17/09/2022,15:00,Morton,Arbroath,,,,,,,2.55,3.1,2.87,2.5,3,2.7,2.5,2.95,2.7,2.79,3.15,2.72,2.55,2.9,2.75,2.5,3,2.63,2.79,3.33,2.87,2.57,3.07,2.73,2.35,1.57,2.31,1.63,2.45,1.68,2.28,1.58,0,1.77,2.02,1.95,1.9,1.95,2.02,1.85,1.92,,,,,,,,,,,,,,,,,,,,,,,,,,,,,,,,,,,,,,,,,
SC1,17/09/2022,15:00,Partick,Cove Rangers,,,,,,,1.72,3.75,4.5,1.77,3.5,4.1,1.75,3.55,4.2,1.8,3.77,4.42,1.67,3.5,4.6,1.7,3.4,4.2,1.81,3.78,4.6,1.75,3.63,4.25,1.9,1.95,1.9,1.93,1.91,1.95,1.86,1.88,-0.75,1.95,1.85,2.04,1.82,2.05,1.85,1.98,1.79,,,,,,,,,,,,,,,,,,,,,,,,,,,,,,,,,,,,,,,,,
SC1,17/09/2022,15:00,Raith Rvs,Ayr,,,,,,,2.8,3.25,2.55,2.65,3.2,2.45,2.7,3.1,2.45,2.76,3.32,2.63,2.62,3.1,2.5,2.63,3.1,2.4,2.8,3.4,2.63,2.7,3.23,2.48,2.05,1.8,2.07,1.77,2.1,1.81,2.01,1.75,0,2.05,1.8,1.97,1.88,2.06,1.88,1.97,1.81,,,,,,,,,,,,,,,,,,,,,,,,,,,,,,,,,,,,,,,,,
SC2,17/09/2022,15:00,Airdrie Utd,Clyde,,,,,,,1.55,4,4.75,1.55,3.7,4.8,1.6,3.8,4.7,1.51,4.06,5.03,1.55,3.75,5.25,1.5,3.8,5.25,1.64,4.4,5.6,1.56,4,5.02,1.72,2.07,1.65,2.1,1.73,2.15,1.69,2.07,-1,2,1.8,1.93,1.9,2.05,1.9,1.94,1.83,,,,,,,,,,,,,,,,,,,,,,,,,,,,,,,,,,,,,,,,,
SC2,17/09/2022,15:00,Alloa,Montrose,,,,,,,2.2,3.75,2.55,2.3,3.25,2.65,2.3,3.35,2.65,2.3,3.62,2.83,2.3,3.25,2.8,2.2,3.3,2.75,2.37,3.85,2.88,2.27,3.49,2.75,1.72,2.07,1.78,2.03,1.78,2.1,1.72,2.03,-0.25,2.02,1.77,2.02,1.83,2.1,1.83,1.99,1.77,,,,,,,,,,,,,,,,,,,,,,,,,,,,,,,,,,,,,,,,,
SC2,17/09/2022,15:00,Dunfermline,Falkirk,,,,,,,1.8,3.5,3.6,1.83,3.4,3.5,1.95,3.4,3.5,1.96,3.54,3.67,1.88,3.4,3.7,1.83,3.4,3.6,1.96,3.89,3.9,1.87,3.56,3.64,1.72,2.07,1.87,1.95,1.88,2.07,1.77,1.97,-0.5,1.93,1.93,1.96,1.88,1.96,1.95,1.87,1.89,,,,,,,,,,,,,,,,,,,,,,,,,,,,,,,,,,,,,,,,,
SC2,17/09/2022,15:00,Peterhead,Kelty Hearts,,,,,,,2.9,3.8,1.95,2.85,3.4,2.1,2.85,3.45,2.15,3.08,3.78,2.11,3.1,3.3,2.1,3,3.4,2.05,3.1,3.8,2.23,2.95,3.57,2.13,1.7,2.1,1.74,2.07,1.74,2.15,1.7,2.06,0.25,2.05,1.8,1.98,1.86,2.05,2.02,1.88,1.88,,,,,,,,,,,,,,,,,,,,,,,,,,,,,,,,,,,,,,,,,
SC2,17/09/2022,15:00,Queen of Sth,FC Edinburgh,,,,,,,1.85,4,3.25,1.88,3.5,3.25,1.95,3.65,3.25,1.92,3.56,3.8,1.85,3.75,3.4,1.83,3.4,3.6,2.03,4,4.1,1.89,3.66,3.49,1.72,2.07,1.74,2.09,1.74,2.15,1.7,2.06,-0.5,1.9,1.95,1.92,1.92,1.95,1.95,1.89,1.86,,,,,,,,,,,,,,,,,,,,,,,,,,,,,,,,,,,,,,,,,
SC3,17/09/2022,15:00,Albion Rvs,Forfar,,,,,,,2.75,3.6,2.2,2.87,3.2,2.15,2.85,3.25,2.2,3.09,3.52,2.19,2.88,3.2,2.3,3,3.2,2.1,3.1,3.74,2.33,2.89,3.41,2.23,1.85,1.95,1.98,1.84,1.98,1.95,1.89,1.84,0.25,,,1.93,1.91,1.93,2.02,1.84,1.91,,,,,,,,,,,,,,,,,,,,,,,,,,,,,,,,,,,,,,,,,
SC3,17/09/2022,15:00,Annan Athletic,East Fife,,,,,,,2.1,3.6,2.9,2.1,3.25,2.95,2.1,3.35,3,2.05,3.65,3.31,2.15,3.3,3,2.05,3.3,3,2.2,3.73,3.36,2.09,3.46,3.09,1.8,2,1.78,2.02,1.8,2.02,1.76,1.97,-0.25,1.9,1.95,1.78,2.04,1.95,2.04,1.83,1.93,,,,,,,,,,,,,,,,,,,,,,,,,,,,,,,,,,,,,,,,,
SC3,17/09/2022,15:00,Dumbarton,Bonnyrigg Rose,,,,,,,2,3.6,3.2,1.98,3.25,3.2,2.05,3.35,3.15,2.16,3.54,3.14,2.1,3.3,3.1,2,3.3,3.1,2.22,3.74,3.3,2.09,3.48,3.1,1.8,2,1.81,2.02,1.81,2.02,1.77,1.96,-0.25,1.8,2,1.88,1.95,1.88,2,1.82,1.94,,,,,,,,,,,,,,,,,,,,,,,,,,,,,,,,,,,,,,,,,
SC3,17/09/2022,15:00,Stenhousemuir,Elgin,,,,,,,1.9,3.75,3.3,1.98,3.3,3.2,2,3.35,3.2,2.02,3.45,3.59,2,3.4,3.3,1.9,3.4,3.3,2.06,3.75,3.64,1.99,3.48,3.33,1.75,2.05,1.81,2.02,1.81,2.05,1.76,1.97,-0.5,1.95,1.85,2.02,1.83,2.1,1.85,1.99,1.77,,,,,,,,,,,,,,,,,,,,,,,,,,,,,,,,,,,,,,,,,
SC3,17/09/2022,15:00,Stirling,Stranraer,,,,,,,1.9,3.6,3.4,1.98,3.4,3.1,2.05,3.35,3.25,1.97,3.61,3.58,2.05,3.25,3.25,1.87,3.4,3.4,2.14,3.75,3.75,2,3.51,3.31,1.8,2,1.79,2.01,1.81,2.03,1.76,1.97,-0.25,1.7,2.1,1.71,2.14,1.84,2.14,1.76,2.01,,,,,,,,,,,,,,,,,,,,,,,,,,,,,,,,,,,,,,,,,
SP1,16/09/2022,20:00,Valladolid,Cadiz,,,,,,,2,3.25,4,2.05,3.25,3.8,2,3.25,4.1,2.05,3.24,4.42,2.05,3.1,4,1.95,3.25,4,2.12,3.35,4.42,2.04,3.22,4.13,2.37,1.57,2.47,1.6,2.5,1.63,2.41,1.58,-0.5,2.04,1.86,2.05,1.88,2.06,1.88,2.03,1.84,,,,,,,,,,,,,,,,,,,,,,,,,,,,,,,,,,,,,,,,,
SP1,17/09/2022,13:00,Mallorca,Almeria,,,,,,,2,3.3,4,2,3.4,3.75,2.05,3.3,3.85,2.04,3.33,4.3,2,3.25,3.9,1.95,3.3,3.8,2.11,3.4,4.3,2.05,3.32,3.94,2.2,1.66,2.32,1.67,2.33,1.71,2.23,1.66,-0.5,2.03,1.87,2.04,1.88,2.07,1.88,2.04,1.83,,,,,,,,,,,,,,,,,,,,,,,,,,,,,,,,,,,,,,,,,
SP1,17/09/2022,15:15,Barcelona,Elche,,,,,,,1.08,11,26,1.09,11.5,29,1.1,10,23,1.11,11.42,23.95,1.08,10,26,1.07,10,23,1.12,12,34,1.1,10.86,25.46,1.28,3.75,1.34,3.45,1.31,3.85,1.28,3.62,-2.75,2,1.9,1.99,1.89,2.05,1.95,1.98,1.88,,,,,,,,,,,,,,,,,,,,,,,,,,,,,,,,,,,,,,,,,
SP1,17/09/2022,17:30,Valencia,Celta,,,,,,,2.3,3.2,3.3,2.35,3.25,3.1,2.4,3.25,3.1,2.42,3.22,3.36,2.35,3.2,3.1,2.25,3.2,3.1,2.44,3.37,3.36,2.37,3.27,3.16,2.2,1.66,2.23,1.72,2.28,1.76,2.17,1.7,-0.25,2.02,1.88,2.05,1.88,2.05,1.91,2,1.86,,,,,,,,,,,,,,,,,,,,,,,,,,,,,,,,,,,,,,,,,
SP1,17/09/2022,20:00,Ath Bilbao,Vallecano,,,,,,,1.53,4,6.5,1.55,4,6.25,1.55,4.1,6.25,1.56,4.19,6.92,1.55,3.8,6.5,1.5,4,6.5,1.6,4.2,7,1.55,4.1,6.55,2.04,1.86,2.05,1.86,2.05,1.88,1.99,1.83,-1,1.97,1.93,1.99,1.93,2.06,1.97,1.95,1.9,,,,,,,,,,,,,,,,,,,,,,,,,,,,,,,,,,,,,,,,,
SP1,18/09/2022,13:00,Osasuna,Getafe,,,,,,,1.8,3.4,5,1.78,3.4,5,1.8,3.35,5,1.88,3.25,5.45,1.83,3.25,4.8,1.8,3.25,4.8,1.92,3.45,5.6,1.83,3.33,5.07,2.62,1.5,2.68,1.53,2.68,1.55,2.58,1.51,-0.5,1.84,2.06,1.88,2.05,1.88,2.14,1.81,2.05,,,,,,,,,,,,,,,,,,,,,,,,,,,,,,,,,,,,,,,,,
SP1,18/09/2022,15:15,Villarreal,Sevilla,,,,,,,1.7,3.8,5,1.71,3.8,4.8,1.73,3.85,4.7,1.72,3.97,5.19,1.7,3.8,4.75,1.65,3.8,4.8,1.79,4.15,5.6,1.72,3.84,4.99,1.93,1.97,1.93,1.98,2.01,2.01,1.9,1.92,-0.75,1.9,2,1.93,1.99,1.94,2.04,1.9,1.96,,,,,,,,,,,,,,,,,,,,,,,,,,,,,,,,,,,,,,,,,
SP1,18/09/2022,17:30,Betis,Girona,,,,,,,1.75,3.6,5,1.73,3.7,4.8,1.73,3.65,4.9,1.78,3.63,5.4,1.73,3.6,5,1.7,3.6,4.8,1.79,3.89,5.41,1.75,3.69,4.98,2.1,1.72,2.2,1.74,2.2,1.8,2.09,1.75,-0.75,2.01,1.89,2.02,1.9,2.02,1.93,1.97,1.88,,,,,,,,,,,,,,,,,,,,,,,,,,,,,,,,,,,,,,,,,
SP1,18/09/2022,17:30,Sociedad,Espanol,,,,,,,1.7,3.6,5,1.68,3.75,5,1.73,3.75,4.8,1.76,3.87,5.11,1.73,3.7,4.75,1.67,3.7,4.8,1.77,3.92,5.11,1.73,3.77,4.93,2.03,1.87,2.03,1.88,2.04,1.88,1.99,1.83,-0.75,1.95,1.95,1.98,1.94,1.98,1.98,1.93,1.92,,,,,,,,,,,,,,,,,,,,,,,,,,,,,,,,,,,,,,,,,
SP1,18/09/2022,20:00,Ath Madrid,Real Madrid,,,,,,,3.1,3.4,2.3,3.1,3.4,2.25,3.05,3.45,2.3,3.23,3.54,2.33,3.1,3.4,2.25,3,3.4,2.25,3.34,3.7,2.41,3.1,3.48,2.31,1.94,1.96,1.93,1.98,1.99,2,1.91,1.91,0.25,1.92,1.98,1.92,2.01,1.93,2.07,1.88,1.97,,,,,,,,,,,,,,,,,,,,,,,,,,,,,,,,,,,,,,,,,
SP2,16/09/2022,20:00,Levante,Cartagena,,,,,,,1.7,4,4.75,1.65,3.75,4.5,1.67,3.75,4.6,1.68,4.04,5.27,,,,1.62,3.75,5,1.75,4.1,5.05,1.68,3.86,4.73,1.8,2.05,1.83,2.05,1.89,2.07,1.79,2,-0.75,1.85,2,1.88,2.04,1.9,2.03,1.86,1.97,,,,,,,,,,,,,,,,,,,,,,,,,,,,,,,,,,,,,,,,,
SP2,17/09/2022,13:00,Villarreal B,Lugo,,,,,,,1.85,3.4,4.75,1.85,3.3,3.9,1.85,3.3,4.2,1.86,3.6,4.67,,,,1.8,3.4,4.4,1.88,3.6,4.75,1.84,3.44,4.32,2.07,1.72,2.12,1.78,2.17,1.79,2.09,1.72,-0.5,1.83,2.02,1.86,2.05,1.86,2.07,1.83,2,,,,,,,,,,,,,,,,,,,,,,,,,,,,,,,,,,,,,,,,,
SP2,17/09/2022,15:15,Oviedo,Ibiza,,,,,,,1.8,3.4,5.25,1.77,3.25,4.5,1.83,3.2,4.6,1.82,3.37,5.45,,,,1.75,3.3,5,1.85,3.4,5.45,1.79,3.32,4.83,2.35,1.57,2.42,1.61,2.42,1.63,2.31,1.59,-0.5,1.77,2.02,1.81,2.1,1.85,2.1,1.79,2.03,,,,,,,,,,,,,,,,,,,,,,,,,,,,,,,,,,,,,,,,,
SP2,17/09/2022,17:30,Andorra,Eibar,,,,,,,3.25,3.2,2.3,2.9,3,2.35,3.1,2.95,2.35,3.44,3.1,2.41,,,,3.1,3.1,2.3,3.44,3.25,2.44,3.18,3.08,2.34,2.25,1.61,2.36,1.64,2.36,1.64,2.27,1.61,0.25,1.85,2,1.88,2.04,1.9,2.05,1.83,2,,,,,,,,,,,,,,,,,,,,,,,,,,,,,,,,,,,,,,,,,
SP2,17/09/2022,17:30,Granada,Mirandes,,,,,,,1.5,4,7,1.5,4,5.75,1.5,4,6.25,1.52,4.32,7.07,,,,1.5,4,6.5,1.54,4.32,7.15,1.5,4.13,6.38,1.88,1.98,1.84,2.06,1.92,2.06,1.83,1.96,-1,1.83,2.02,1.92,1.99,1.95,2.02,1.87,1.96,,,,,,,,,,,,,,,,,,,,,,,,,,,,,,,,,,,,,,,,,
SP2,17/09/2022,20:00,Zaragoza,Sp Gijon,,,,,,,2.25,3.1,3.5,2.25,3,3.1,2.35,2.9,3.2,2.4,3.05,3.4,,,,2.25,3,3.3,2.43,3.1,3.5,2.33,3.02,3.27,2.4,1.53,2.53,1.54,2.6,1.57,2.44,1.53,-0.25,1.95,1.9,2.04,1.87,2.04,1.93,1.98,1.85,,,,,,,,,,,,,,,,,,,,,,,,,,,,,,,,,,,,,,,,,
SP2,18/09/2022,13:00,Leganes,Burgos,,,,,,,1.9,3.2,4.5,1.9,3.1,3.9,1.97,3.05,4,1.89,3.35,4.65,,,,1.91,3.13,4.2,2.02,3.4,4.65,1.93,3.22,4.18,2.4,1.53,2.53,1.54,2.57,1.57,2.44,1.53,-0.5,1.93,1.93,1.89,1.98,1.98,1.98,1.93,1.89,,,,,,,,,,,,,,,,,,,,,,,,,,,,,,,,,,,,,,,,,
SP2,18/09/2022,15:15,Alaves,Huesca,,,,,,,2,3.25,4.2,1.9,3.3,3.6,2,3.2,3.75,1.97,3.35,4.25,,,,1.93,3.25,4,2.01,3.47,4.25,1.96,3.33,3.9,2.1,1.7,2.25,1.67,2.28,1.76,2.16,1.67,-0.5,2,1.85,1.97,1.89,2.02,1.91,1.96,1.86,,,,,,,,,,,,,,,,,,,,,,,,,,,,,,,,,,,,,,,,,
SP2,18/09/2022,17:30,Santander,Las Palmas,,,,,,,3.3,3.1,2.37,3,3,2.3,3.15,2.9,2.35,3.25,3.1,2.45,,,,3.1,3.1,2.3,3.3,3.29,2.47,3.13,3.07,2.37,2.25,1.61,2.32,1.63,2.37,1.67,2.28,1.6,0.25,1.85,2,1.81,2.07,1.88,2.07,1.82,2.01,,,,,,,,,,,,,,,,,,,,,,,,,,,,,,,,,,,,,,,,,
SP2,18/09/2022,20:00,Albacete,Ponferradina,,,,,,,2.1,3.25,3.75,2.05,3.2,3.3,2.15,3.1,3.4,2.13,3.29,3.74,,,,2.05,3.25,3.5,2.16,3.4,3.75,2.11,3.25,3.51,2.05,1.75,2.08,1.78,2.16,1.8,2.06,1.74,-0.25,1.8,2.05,1.83,2.06,1.84,2.09,1.81,2.02,,,,,,,,,,,,,,,,,,,,,,,,,,,,,,,,,,,,,,,,,
SP2,19/09/2022,20:00,Tenerife,Malaga,,,,,,,2,3.3,4,1.98,3.1,3.6,2.1,3.05,3.6,2.08,3.22,4.03,,,,2,3.13,3.8,2.13,3.41,4.03,2.05,3.21,3.68,2.3,1.6,2.42,1.59,2.42,1.64,2.33,1.58,-0.5,2.02,1.83,2.08,1.81,2.08,1.86,2.03,1.8,,,,,,,,,,,,,,,,,,,,,,,,,,,,,,,,,,,,,,,,,
T1,16/09/2022,18:00,Galatasaray,Konyaspor,,,,,,,1.7,3.8,5,1.68,3.7,4.75,1.75,3.65,4.7,1.75,3.87,5.02,1.7,3.7,4.75,1.7,3.8,5,1.78,3.97,5.02,1.72,3.79,4.69,1.9,1.95,1.91,1.98,1.93,1.98,1.86,1.94,-0.75,1.93,1.93,1.95,1.95,1.96,1.99,1.93,1.91,,,,,,,,,,,,,,,,,,,,,,,,,,,,,,,,,,,,,,,,,
T1,16/09/2022,18:00,Hatayspor,Kayserispor,,,,,,,2.25,3.5,3.2,2.2,3.3,3.1,2.25,3.35,3.15,2.28,3.37,3.41,2.25,3.3,3.1,2.2,3.4,3.25,2.31,3.5,3.41,2.23,3.36,3.18,1.95,1.9,1.97,1.92,1.97,1.94,1.9,1.89,-0.25,1.9,1.95,1.95,1.95,1.96,1.98,1.93,1.91,,,,,,,,,,,,,,,,,,,,,,,,,,,,,,,,,,,,,,,,,
T1,17/09/2022,15:00,Umraniyespor,Kasimpasa,,,,,,,2.25,3.6,2.9,2.3,3.5,2.87,2.3,3.5,2.95,2.47,3.58,2.91,2.3,3.4,2.9,2.4,3.4,2.9,2.47,3.65,3.05,2.34,3.5,2.89,1.8,2.05,1.82,2.06,1.85,2.06,1.8,1.99,-0.25,2.05,1.8,2.13,1.79,2.13,1.87,2.05,1.8,,,,,,,,,,,,,,,,,,,,,,,,,,,,,,,,,,,,,,,,,
T1,17/09/2022,18:00,Antalyaspor,Ad. Demirspor,,,,,,,2.05,3.8,3.3,2.1,3.4,3.25,2.1,3.6,3.25,2.21,3.56,3.39,2.1,3.5,3.25,2.15,3.4,3.4,2.21,3.91,3.4,2.12,3.57,3.24,1.72,2.07,1.8,2.09,1.8,2.21,1.74,2.08,-0.25,1.85,2,1.91,1.99,1.91,2.06,1.85,1.99,,,,,,,,,,,,,,,,,,,,,,,,,,,,,,,,,,,,,,,,,
T1,17/09/2022,18:00,Istanbulspor,Besiktas,,,,,,,5.5,4.2,1.53,5.25,4.2,1.57,5.5,4.1,1.6,5.71,4.61,1.56,5.8,4.2,1.52,6,4.2,1.53,6,4.7,1.6,5.49,4.36,1.54,1.61,2.25,1.66,2.32,1.69,2.32,1.63,2.25,1,1.93,1.93,1.97,1.93,1.97,1.99,1.92,1.92,,,,,,,,,,,,,,,,,,,,,,,,,,,,,,,,,,,,,,,,,
T1,18/09/2022,15:00,Buyuksehyr,Karagumruk,,,,,,,1.55,4.2,6,1.55,4,5.5,1.53,4.2,6,1.54,4.4,6.38,1.52,4,6,1.53,4,6.5,1.57,4.5,6.5,1.53,4.21,5.9,1.8,2.05,1.84,2.06,1.84,2.09,1.8,2,-1,1.93,1.93,1.93,1.98,1.96,2,1.91,1.93,,,,,,,,,,,,,,,,,,,,,,,,,,,,,,,,,,,,,,,,,
T1,18/09/2022,15:00,Trabzonspor,Gaziantep,,,,,,,1.66,4,4.75,1.66,3.8,4.75,1.7,4,4.7,1.64,4.22,5.4,1.63,3.9,5,,,,1.72,4.22,5.4,1.64,4,4.96,1.7,2.1,1.74,2.17,1.8,2.19,1.73,2.09,-0.75,1.8,2.05,1.81,2.11,1.88,2.11,1.81,2.04,,,,,,,,,,,,,,,,,,,,,,,,,,,,,,,,,,,,,,,,,
T1,18/09/2022,18:00,Ankaragucu,Sivasspor,,,,,,,2.37,3.6,2.87,2.3,3.4,2.87,2.4,3.4,2.9,2.37,3.46,3.15,2.3,3.3,3,2.38,3.3,3,2.45,3.73,3.15,2.34,3.42,2.92,1.93,1.93,1.94,1.94,1.96,1.94,1.88,1.9,-0.25,2.02,1.83,2.04,1.87,2.08,1.87,2.03,1.81,,,,,,,,,,,,,,,,,,,,,,,,,,,,,,,,,,,,,,,,,
T1,18/09/2022,18:00,Fenerbahce,Alanyaspor,,,,,,,1.45,4.5,6.5,1.47,4.6,5.75,1.47,4.7,6,1.51,4.92,5.97,1.47,4.33,6.5,1.45,4.5,7,1.51,4.92,7,1.47,4.62,6,1.53,2.4,1.56,2.54,1.6,2.55,1.54,2.42,-1.25,2.02,1.83,2.07,1.85,2.07,1.88,2.01,1.83,,,,,,,,,,,,,,,,,,,,,,,,,,,,,,,,,,,,,,,,,
