Day,Date,Time,Home,xG,Score,xG,Away,Attendance,Venue,Referee,Match Report,Notes
Sat,2022-02-26,12:30 (15:30),Los Angeles FC,2.1,3–0,0.3,Colorado Rapids,22010,Banc of California Stadium,Armando Villarreal,Match Report,
Sat,2022-02-26,13:00,Philadelphia,1.0,1–1,1.1,Minnesota Utd,17487,Subaru Park,Rubiel Vazquez,Match Report,
Sat,2022-02-26,15:00 (18:00),San Jose,0.7,1–3,2.7,NY Red Bulls,16146,Avaya Stadium,Drew Fischer,Match Report,
Sat,2022-02-26,15:30,Columbus Crew,2.7,4–0,0.3,Vancouver,18939,Lower.com Field,Nima Saghafi,Match Report,
Sat,2022-02-26,16:30 (17:30),FC Dallas,2.6,1–1,1.4,Toronto FC,12233,Toyota Stadium,Jair Marrufo,Match Report,
Sat,2022-02-26,17:00 (18:00),Austin,2.6,5–0,1.5,FC Cincinnati,20738,Q2 Stadium,Ismail Elfath,Match Report,
Sat,2022-02-26,18:00,Inter Miami,1.4,0–0,1.3,Chicago Fire,15973,Lockhart Stadium,Lukasz Szpala,Match Report,
Sat,2022-02-26,18:00,D.C. United,1.6,3–0,1.0,Charlotte,16412,Audi Field,Victor Rivas,Match Report,
Sun,2022-02-27,13:00,Orlando City,1.1,2–0,0.7,CF Montréal,21283,Exploria Stadium,Marcos de Oliveira,Match Report,
Sun,2022-02-27,14:00 (17:00),LA Galaxy,1.8,1–0,0.8,NYCFC,25174,Dignity Health Sports Park,Joe Dickerson,Match Report,
Sun,2022-02-27,15:00,Atlanta Utd,2.2,3–1,0.9,Sporting KC,67523,Mercedes-Benz Stadium,Ted Unkel,Match Report,
Sat,2022-02-26,16:30 (19:30),Portland Timbers,2.5,2–2,0.8,New England,23411,Providence Park,Chris Penso,Match Report,
Sun,2022-02-27,17:00 (20:00),Seattle,0.6,0–1,0.8,Nashville,30013,Lumen Field,Alex Chilowicz,Match Report,
Sun,2022-02-27,18:00 (19:00),Houston Dynamo,0.5,0–0,0.3,Real Salt Lake,18561,PNC Stadium,Ramy Touchan,Match Report,
Sat,2022-03-05,13:30,New England,1.7,1–0,0.8,FC Dallas,14554,Gillette Stadium,Ted Unkel,Match Report,
Sat,2022-03-05,14:00,Toronto FC,0.9,1–4,2.0,NY Red Bulls,23121,BMO Field,Rubiel Vazquez,Match Report,
Sat,2022-03-05,14:30 (17:30),San Jose,1.4,3–3,2.0,Columbus Crew,12888,Avaya Stadium,Guido Gonzalez Jr.,Match Report,
Sat,2022-03-05,14:30 (15:30),Sporting KC,1.1,1–0,0.3,Houston Dynamo,18872,Children's Mercy Park,Victor Rivas,Match Report,
Sat,2022-03-05,15:00 (18:00),Vancouver,0.6,0–0,0.9,NYCFC,18643,BC Place,Marcos de Oliveira,Match Report,
Sat,2022-03-05,16:00,CF Montréal,0.4,1–2,1.3,Philadelphia,13067,Olympic Stadium,Drew Fischer,Match Report,
Sat,2022-03-05,16:00 (18:00),Colorado Rapids,1.7,3–0,0.8,Atlanta Utd,12538,Dick's Sporting Goods Park,Joe Dickerson,Match Report,
Sat,2022-03-05,16:00 (18:00),Real Salt Lake,2.5,1–0,0.7,Seattle,20017,America First Field,Nima Saghafi,Match Report,
Sat,2022-03-05,17:00 (18:00),Minnesota Utd,1.7,1–1,1.4,Nashville,18107,Allianz Field,Armando Villarreal,Match Report,
Sat,2022-03-05,17:00 (18:00),Chicago Fire,0.6,0–0,0.2,Orlando City,25477,Soldier Field,Ismir Pekmic,Match Report,
Sat,2022-03-05,18:00,FC Cincinnati,1.6,0–1,1.5,D.C. United,22183,West End Stadium,Pierre-Luc Lauziere,Match Report,
Sun,2022-03-06,15:00 (16:00),Austin,2.0,5–1,0.8,Inter Miami,20738,Q2 Stadium,Chris Penso,Match Report,
Sat,2022-03-05,19:30,Charlotte,0.5,0–1,2.1,LA Galaxy,74479,Bank of America Stadium,Jair Marrufo,Match Report,
Sun,2022-03-06,19:00 (22:00),Los Angeles FC,2.0,1–1,0.6,Portland Timbers,22102,Banc of California Stadium,Ismail Elfath,Match Report,
Sat,2022-03-12,12:30 (15:30),Seattle,2.0,3–2,1.8,LA Galaxy,33200,Lumen Field,Allen Chapman,Match Report,
Sat,2022-03-12,13:00,NYCFC,1.3,4–1,2.0,CF Montréal,21113,Yankee Stadium,Armando Villarreal,Match Report,
Sat,2022-03-12,13:30,Columbus Crew,1.7,2–1,1.0,Toronto FC,16116,Lower.com Field,Ismail Elfath,Match Report,
Sat,2022-03-12,13:30,Inter Miami,0.3,0–2,0.7,Los Angeles FC,11465,Lockhart Stadium,Ted Unkel,Match Report,
Sat,2022-03-12,17:30 (18:30),Houston Dynamo,2.0,2–1,1.2,Vancouver,13028,PNC Stadium,Pierre-Luc Lauziere,Match Report,
Sun,2022-03-13,16:30,Atlanta Utd,1.7,2–1,0.9,Charlotte,43055,Mercedes-Benz Stadium,Guido Gonzalez Jr.,Match Report,
Sat,2022-03-12,19:00 (21:00),Colorado Rapids,2.1,2–0,0.8,Sporting KC,12387,Dick's Sporting Goods Park,Alex Chilowicz,Match Report,
Sun,2022-03-13,19:00,NY Red Bulls,2.7,0–1,0.6,Minnesota Utd,14848,Red Bull Arena,Lukasz Szpala,Match Report,
Sat,2022-03-12,19:00 (22:00),Portland Timbers,1.1,1–0,0.6,Austin,22795,Providence Park,Joe Dickerson,Match Report,
Sat,2022-03-12,19:30,D.C. United,1.3,0–2,2.1,Chicago Fire,13795,Audi Field,Rubiel Vazquez,Match Report,
Sat,2022-03-12,19:30,New England,1.2,2–3,2.5,Real Salt Lake,10633,Gillette Stadium,Drew Fischer,Match Report,
Sat,2022-03-12,19:30,Philadelphia,3.5,2–0,0.3,San Jose,14533,Subaru Park,Victor Rivas,Match Report,
Sat,2022-03-12,19:30,Orlando City,1.7,1–2,1.4,FC Cincinnati,16512,Exploria Stadium,Chris Penso,Match Report,
Sat,2022-03-12,19:30 (20:30),FC Dallas,1.4,2–0,0.2,Nashville,13448,Toyota Stadium,Ramy Touchan,Match Report,
Sat,2022-03-19,12:30 (15:30),LA Galaxy,1.4,0–1,0.7,Orlando City,25174,Dignity Health Sports Park,Alex Chilowicz,Match Report,
Sat,2022-03-19,13:00,NYCFC,1.2,0–2,2.1,Philadelphia,15968,Yankee Stadium,Ted Unkel,Match Report,
Sat,2022-03-19,13:00,FC Cincinnati,2.2,3–1,1.4,Inter Miami,19365,West End Stadium,Ismir Pekmic,Match Report,
Sat,2022-03-19,15:00,Toronto FC,1.0,2–1,0.8,D.C. United,21501,BMO Field,Ramy Touchan,Match Report,
Sat,2022-03-19,16:00,Atlanta Utd,0.8,3–3,2.4,CF Montréal,42578,Mercedes-Benz Stadium,Chris Penso,Match Report,
Sat,2022-03-19,17:00 (18:00),Chicago Fire,1.4,3–1,0.5,Sporting KC,9352,Soldier Field,Tim Ford,Match Report,
Sat,2022-03-19,19:00,Charlotte,1.7,3–1,2.1,New England,29318,Bank of America Stadium,Marcos de Oliveira,Match Report,
Sun,2022-03-20,14:00,NY Red Bulls,1.3,1–1,3.1,Columbus Crew,15323,Red Bull Arena,Joe Dickerson,Match Report,
Sun,2022-03-20,15:30 (16:30),Austin,2.3,1–1,1.8,Seattle,20738,Q2 Stadium,Lukasz Szpala,Match Report,
Sat,2022-03-19,19:00 (20:00),Minnesota Utd,1.5,1–0,0.2,San Jose,18685,Allianz Field,Pierre-Luc Lauziere,Match Report,
Sat,2022-03-19,19:30 (20:30),Houston Dynamo,1.0,1–1,1.5,Colorado Rapids,17007,PNC Stadium,Nima Saghafi,Match Report,
Sat,2022-03-19,19:30 (20:30),FC Dallas,1.6,4–1,0.9,Portland Timbers,19096,Toyota Stadium,Allen Chapman,Match Report,
Sat,2022-03-19,19:30 (21:30),Real Salt Lake,0.8,2–1,1.9,Nashville,20036,America First Field,Tori Penso,Match Report,
Sun,2022-03-20,19:00 (22:00),Los Angeles FC,1.4,3–1,1.1,Vancouver,22065,Banc of California Stadium,Guido Gonzalez Jr.,Match Report,
Sat,2022-03-26,17:00,Charlotte,1.2,2–0,1.7,FC Cincinnati,30242,Bank of America Stadium,Alex Chilowicz,Match Report,
Sat,2022-03-26,18:00 (19:00),Sporting KC,0.9,1–0,0.7,Real Salt Lake,19107,Children's Mercy Park,Joe Dickerson,Match Report,
Sun,2022-03-27,13:00 (16:00),Portland Timbers,1.7,1–1,0.6,Orlando City,22948,Providence Park,Marcos de Oliveira,Match Report,
Sat,2022-04-02,14:30 (15:30),Chicago Fire,0.6,0–0,0.3,FC Dallas,11411,Soldier Field,Pierre-Luc Lauziere,Match Report,
Sat,2022-04-02,16:00,FC Cincinnati,2.0,3–4,1.2,CF Montréal,20386,West End Stadium,Tori Penso,Match Report,
Sat,2022-04-02,16:00,Toronto FC,1.0,2–1,1.5,NYCFC,21802,BMO Field,Drew Fischer,Match Report,
Sat,2022-04-02,16:30 (19:30),San Jose,2.6,2–2,2.0,Austin,13062,Avaya Stadium,Alex Chilowicz,Match Report,
Sat,2022-04-02,18:00,Columbus Crew,1.5,0–1,0.9,Nashville,20371,Lower.com Field,Rubiel Vazquez,Match Report,
Sat,2022-04-02,19:30,D.C. United,0.5,0–1,0.9,Atlanta Utd,17289,Audi Field,Armando Villarreal,Match Report,
Sat,2022-04-02,19:30,Philadelphia,1.3,2–0,0.3,Charlotte,18136,Subaru Park,Tim Ford,Match Report,
Sat,2022-04-02,19:30,New England,1.0,0–1,0.9,NY Red Bulls,16265,Gillette Stadium,Victor Rivas,Match Report,
Sat,2022-04-02,19:30,Orlando City,1.1,2–4,2.4,Los Angeles FC,16753,Exploria Stadium,Joe Dickerson,Match Report,
Sun,2022-04-03,13:30 (16:30),Portland Timbers,1.4,1–3,2.4,LA Galaxy,24534,Providence Park,Nima Saghafi,Match Report,
Sat,2022-04-02,17:00 (20:00),Vancouver,0.9,1–0,0.7,Sporting KC,16772,BC Place,Fotis Bazakos,Match Report,
Sat,2022-04-02,19:00 (21:00),Colorado Rapids,1.9,1–1,1.0,Real Salt Lake,13380,Dick's Sporting Goods Park,Ted Unkel,Match Report,
Sat,2022-04-02,19:00 (20:00),Minnesota Utd,1.7,1–2,1.3,Seattle,19615,Allianz Field,Ismail Elfath,Match Report,
Sat,2022-04-02,20:00,Inter Miami,1.9,1–3,2.1,Houston Dynamo,13083,Lockhart Stadium,Allen Chapman,Match Report,
Sat,2022-04-09,13:00,Orlando City,2.9,1–0,0.4,Chicago Fire,16051,Exploria Stadium,Victor Rivas,Match Report,
Sat,2022-04-09,15:00,Inter Miami,1.1,3–2,1.3,New England,11472,Lockhart Stadium,Ramy Touchan,Match Report,
Sat,2022-04-09,16:00,NY Red Bulls,1.3,1–2,1.1,CF Montréal,15734,Red Bull Arena,Guido Gonzalez Jr.,Match Report,
Sat,2022-04-09,16:30 (19:30),LA Galaxy,1.2,2–1,2.1,Los Angeles FC,25174,Dignity Health Sports Park,Chris Penso,Match Report,
Sat,2022-04-09,18:00,Philadelphia,1.8,1–0,1.0,Columbus Crew,18321,Subaru Park,Armando Villarreal,Match Report,
Sun,2022-04-10,13:30,Charlotte,1.1,1–0,1.1,Atlanta Utd,32496,Bank of America Stadium,Allen Chapman,Match Report,
Sat,2022-04-09,18:00 (20:00),Real Salt Lake,2.1,2–2,0.4,Toronto FC,20136,America First Field,Marcos de Oliveira,Match Report,
Sun,2022-04-10,18:30 (19:30),Austin,1.6,1–0,0.4,Minnesota Utd,20738,Q2 Stadium,Rosendo Mendoza,Match Report,
Sat,2022-04-09,19:00 (22:00),Vancouver,3.0,2–3,1.3,Portland Timbers,16772,BC Place,Silviu Petrescu,Match Report,
Sat,2022-04-09,19:30 (20:30),Sporting KC,1.2,1–2,2.4,Nashville,18852,Children's Mercy Park,Ismail Elfath,Match Report,
Sat,2022-04-09,19:30 (20:30),FC Dallas,1.4,3–1,1.6,Colorado Rapids,15893,Toyota Stadium,Lukasz Szpala,Match Report,
Sat,2022-04-09,19:30 (20:30),Houston Dynamo,1.4,4–3,1.1,San Jose,15414,PNC Stadium,Ismir Pekmic,Match Report,
Sat,2022-04-16,12:30 (15:30),San Jose,1.6,2–2,1.5,Nashville,10394,Avaya Stadium,Tim Ford,Match Report,
Sat,2022-04-16,15:00,CF Montréal,1.2,2–1,0.2,Vancouver,12042,Saputo Stadium,Nima Saghafi,Match Report,
Sat,2022-04-16,17:00 (18:00),Houston Dynamo,1.5,0–0,1.3,Portland Timbers,13650,PNC Stadium,Rosendo Mendoza,Match Report,
Sat,2022-04-16,18:00,Atlanta Utd,2.6,0–0,1.2,FC Cincinnati,42948,Mercedes-Benz Stadium,Rubiel Vazquez,Match Report,
Sat,2022-04-16,19:00,NY Red Bulls,1.7,0–0,0.7,FC Dallas,14456,Red Bull Arena,Fotis Bazakos,Match Report,
Sat,2022-04-16,19:30,New England,1.1,2–1,0.4,Charlotte,15344,Gillette Stadium,Pierre-Luc Lauziere,Match Report,
Sat,2022-04-16,19:30,Columbus Crew,0.9,0–2,1.1,Orlando City,18030,Lower.com Field,Drew Fischer,Match Report,
Sat,2022-04-16,19:30,D.C. United,1.3,2–3,2.9,Austin,16840,Audi Field,Tori Penso,Match Report,
Sat,2022-04-16,19:30,Toronto FC,0.4,2–1,1.7,Philadelphia,20809,BMO Field,Alex Chilowicz,Match Report,
Sun,2022-04-17,13:00 (16:00),Los Angeles FC,1.7,3–1,1.2,Sporting KC,22097,Banc of California Stadium,Armando Villarreal,Match Report,
Sun,2022-04-17,13:00,NYCFC,5.3,6–0,1.2,Real Salt Lake,14513,Yankee Stadium,Ismail Elfath,Match Report,
Sat,2022-04-16,19:00 (20:00),Minnesota Utd,1.3,3–1,2.2,Colorado Rapids,19629,Allianz Field,Chris Penso,Match Report,
Sat,2022-04-16,19:00 (20:00),Chicago Fire,0.4,0–0,0.5,LA Galaxy,30282,Soldier Field,Ted Unkel,Match Report,
Sat,2022-04-16,19:00 (22:00),Seattle,0.7,0–1,0.5,Inter Miami,32126,Lumen Field,Joe Dickerson,Match Report,
Sat,2022-04-23,14:00 (15:00),FC Dallas,2.4,2–1,0.8,Houston Dynamo,15792,Toyota Stadium,Victor Rivas,Match Report,
Sat,2022-04-23,15:00,Philadelphia,1.0,1–1,0.6,CF Montréal,18476,Subaru Park,Lukasz Szpala,Match Report,
Sat,2022-04-23,16:00 (17:00),Minnesota Utd,1.1,3–0,0.6,Chicago Fire,19658,Allianz Field,Silviu Petrescu,Match Report,
Sat,2022-04-23,19:30,D.C. United,1.3,3–2,1.5,New England,17131,Audi Field,Marcos de Oliveira,Match Report,
Sun,2022-04-24,13:00,Inter Miami,2.0,2–1,2.3,Atlanta Utd,13433,Lockhart Stadium,Jair Marrufo,Match Report,
Sun,2022-04-24,15:30,Orlando City,0.1,0–3,2.4,NY Red Bulls,17503,Exploria Stadium,Alex Chilowicz,Match Report,
Sun,2022-04-24,17:00,FC Cincinnati,1.3,1–2,1.7,Los Angeles FC,20883,West End Stadium,Ismail Elfath,Match Report,
Sun,2022-04-24,17:00,NYCFC,4.3,5–4,1.1,Toronto FC,17626,Citi Field,Rubiel Vazquez,Match Report,
Sat,2022-04-23,19:00 (22:00),San Jose,2.7,4–3,2.3,Seattle,12467,Avaya Stadium,Ted Unkel,Match Report,
Sat,2022-04-23,19:00 (21:00),Colorado Rapids,0.7,0–0,0.9,Charlotte,13160,Dick's Sporting Goods Park,Ismir Pekmic,Match Report,
Sat,2022-04-23,19:00 (22:00),Portland Timbers,0.5,0–0,1.0,Real Salt Lake,24206,Providence Park,Chris Penso,Match Report,
Sat,2022-04-23,19:30 (22:30),LA Galaxy,1.3,1–0,0.1,Nashville,26674,Dignity Health Sports Park,Allen Chapman,Match Report,
Sat,2022-04-23,19:30 (20:30),Sporting KC,0.3,0–0,0.8,Columbus Crew,18483,Children's Mercy Park,Rosendo Mendoza,Match Report,
Sat,2022-04-23,19:30 (20:30),Austin,0.8,3–0,0.9,Vancouver,20738,Q2 Stadium,Ramy Touchan,Match Report,
Sat,2022-04-30,12:30 (13:30),Houston Dynamo,1.5,1–2,0.6,Austin,16296,PNC Stadium,Ted Unkel,Match Report,
Sat,2022-04-30,13:30 (15:30),Real Salt Lake,0.9,1–0,1.0,LA Galaxy,20775,America First Field,Drew Fischer,Match Report,
Sat,2022-04-30,15:00,Toronto FC,1.1,1–2,1.1,FC Cincinnati,23591,BMO Field,Pierre-Luc Lauziere,Match Report,
Sat,2022-04-30,16:00,CF Montréal,1.6,2–1,0.7,Atlanta Utd,15060,Saputo Stadium,Alex Chilowicz,Match Report,
Sat,2022-04-30,19:30,Orlando City,1.3,2–1,1.0,Charlotte,17012,Exploria Stadium,Fotis Bazakos,Match Report,
Sat,2022-04-30,19:30,New England,1.9,2–0,0.4,Inter Miami,25509,Gillette Stadium,Ismail Elfath,Match Report,
Sat,2022-04-30,19:30,Columbus Crew,1.3,3–0,1.9,D.C. United,19402,Lower.com Field,Tim Ford,Match Report,
Sun,2022-05-01,13:00,NYCFC,2.6,3–0,0.4,San Jose,17174,Yankee Stadium,Guido Gonzalez Jr.,Match Report,
Sun,2022-05-01,15:00 (16:00),Nashville,1.8,1–1,1.2,Philadelphia,30109,Geodis Park,Chris Penso,Match Report,
Sat,2022-04-30,19:00 (21:00),Colorado Rapids,1.4,2–0,0.7,Portland Timbers,14038,Dick's Sporting Goods Park,Armando Villarreal,Match Report,
Sat,2022-04-30,19:00 (20:00),Chicago Fire,1.3,1–2,2.0,NY Red Bulls,11108,Soldier Field,Jon Freemon,Match Report,
Sat,2022-04-30,19:30 (20:30),Sporting KC,1.6,2–2,0.9,FC Dallas,17334,Children's Mercy Park,Nima Saghafi,Match Report,
Sun,2022-05-01,19:00 (22:00),Los Angeles FC,2.6,2–0,0.8,Minnesota Utd,22010,Banc of California Stadium,Allen Chapman,Match Report,
Wed,2022-05-04,19:30,FC Cincinnati,4.2,2–0,0.8,Toronto FC,19563,West End Stadium,Lukasz Szpala,Match Report,
Sat,2022-05-07,15:30,Charlotte,1.2,1–0,1.0,Inter Miami,32018,Bank of America Stadium,Rubiel Vazquez,Match Report,
Sat,2022-05-07,16:00,CF Montréal,3.0,4–1,0.2,Orlando City,14068,Saputo Stadium,Guido Gonzalez Jr.,Match Report,
Sat,2022-05-07,18:00,Atlanta Utd,2.5,4–1,1.7,Chicago Fire,42547,Mercedes-Benz Stadium,Ramy Touchan,Match Report,
Sat,2022-05-07,19:00,NYCFC,1.2,0–0,0.6,Sporting KC,15031,Citi Field,Tim Ford,Match Report,
Sat,2022-05-07,19:00,NY Red Bulls,1.1,1–1,0.8,Portland Timbers,17107,Red Bull Arena,Joe Dickerson,Match Report,
Sat,2022-05-07,19:30,D.C. United,0.9,2–0,0.7,Houston Dynamo,15194,Audi Field,Jon Freemon,Match Report,
Sat,2022-05-07,19:30,New England,1.0,2–2,1.7,Columbus Crew,26421,Gillette Stadium,Nima Saghafi,Match Report,
Sun,2022-05-08,13:00 (16:00),Vancouver,2.8,1–0,1.8,Toronto FC,17709,BC Place,Victor Rivas,Match Report,
Sun,2022-05-08,16:00 (17:00),Nashville,2.0,2–0,0.2,Real Salt Lake,28226,Geodis Park,Fotis Bazakos,Match Report,
Sun,2022-05-08,18:00 (19:00),Austin,1.2,0–1,1.4,LA Galaxy,20738,Q2 Stadium,Ismail Elfath,Match Report,
Sat,2022-05-07,19:00 (20:00),Minnesota Utd,1.3,0–1,1.8,FC Cincinnati,19662,Allianz Field,Marcos de Oliveira,Match Report,
Sat,2022-05-07,19:00 (22:00),San Jose,1.3,1–0,1.2,Colorado Rapids,14077,Avaya Stadium,Tori Penso,Match Report,
Sat,2022-05-07,19:30 (20:30),FC Dallas,1.9,2–0,0.3,Seattle,19096,Toyota Stadium,Allen Chapman,Match Report,
Sat,2022-05-07,20:00 (23:00),Los Angeles FC,1.7,2–2,1.0,Philadelphia,22022,Banc of California Stadium,Jair Marrufo,Match Report,
Sat,2022-05-14,15:00,Toronto FC,0.5,0–1,1.7,Orlando City,26146,BMO Field,Nima Saghafi,Match Report,
Sat,2022-05-14,15:30,Colorado Rapids,3.2,2–0,1.1,Los Angeles FC,15022,Dick's Sporting Goods Park,Ted Unkel,Match Report,
Sat,2022-05-14,16:00 (19:00),Vancouver,1.6,3–3,2.6,San Jose,15087,BC Place,Tim Ford,Match Report,
Sat,2022-05-14,19:00,Charlotte,1.4,0–2,1.1,CF Montréal,33323,Bank of America Stadium,Silviu Petrescu,Match Report,
Sat,2022-05-14,19:00,NYCFC,2.3,2–0,0.8,Columbus Crew,18813,Yankee Stadium,Marcos de Oliveira,Match Report,
Sat,2022-05-14,19:30,Philadelphia,2.7,1–1,1.2,NY Red Bulls,18579,Subaru Park,Rubiel Vazquez,Match Report,
Sun,2022-05-15,13:00 (16:00),Seattle,2.7,3–1,1.2,Minnesota Utd,32613,Lumen Field,Joe Dickerson,Match Report,
Sun,2022-05-15,13:30,Atlanta Utd,1.4,2–2,1.4,New England,42516,Mercedes-Benz Stadium,Allen Chapman,Match Report,
Sat,2022-05-14,19:00 (20:00),Chicago Fire,1.1,1–2,0.8,FC Cincinnati,14049,Soldier Field,Tori Penso,Match Report,
Sat,2022-05-14,19:00 (22:00),Portland Timbers,3.1,7–2,1.2,Sporting KC,23503,Providence Park,Victor Rivas,Match Report,
Sat,2022-05-14,19:30 (22:30),LA Galaxy,1.1,1–3,2.7,FC Dallas,25174,Dignity Health Sports Park,Chris Penso,Match Report,
Sat,2022-05-14,19:30 (20:30),Houston Dynamo,1.8,2–0,1.0,Nashville,16035,PNC Stadium,Ramy Touchan,Match Report,
Sat,2022-05-14,19:30 (21:30),Real Salt Lake,1.1,2–1,0.7,Austin,20122,America First Field,Lukasz Szpala,Match Report,
Sat,2022-05-14,20:00,Inter Miami,0.8,2–2,0.9,D.C. United,13317,Lockhart Stadium,Pierre-Luc Lauziere,Match Report,
Wed,2022-05-18,19:30,NY Red Bulls,2.6,3–3,1.6,Chicago Fire,13257,Red Bull Arena,Ted Unkel,Match Report,
Wed,2022-05-18,19:30,Philadelphia,1.6,0–0,0.9,Inter Miami,15747,Subaru Park,Fotis Bazakos,Match Report,
Wed,2022-05-18,19:30,D.C. United,0.7,0–2,1.7,NYCFC,16072,Audi Field,Chris Penso,Match Report,
Wed,2022-05-18,19:00 (22:00),Vancouver,1.2,2–1,1.2,FC Dallas,12716,BC Place,Ismir Pekmic,Match Report,
Wed,2022-05-18,19:00 (20:00),Minnesota Utd,2.8,1–1,2.2,LA Galaxy,19645,Allianz Field,Jair Marrufo,Match Report,
Wed,2022-05-18,19:30 (22:30),Los Angeles FC,2.4,1–2,1.0,Austin,22034,Banc of California Stadium,Armando Villarreal,Match Report,
Wed,2022-05-18,19:30 (20:30),Houston Dynamo,1.1,0–1,0.9,Seattle,11093,PNC Stadium,Rubiel Vazquez,Match Report,
Wed,2022-05-18,19:30 (22:30),San Jose,2.1,3–2,0.8,Portland Timbers,11788,Avaya Stadium,Lukasz Szpala,Match Report,
Wed,2022-05-18,19:30 (20:30),Sporting KC,0.5,2–1,1.0,Colorado Rapids,17233,Children's Mercy Park,Drew Fischer,Match Report,
Wed,2022-05-18,19:30 (20:30),Nashville,0.8,2–1,0.7,CF Montréal,26003,Geodis Park,Jon Freemon,Match Report,
Sat,2022-05-21,15:30,Columbus Crew,0.9,0–2,1.8,Los Angeles FC,19649,Lower.com Field,Victor Rivas,Match Report,
Sat,2022-05-21,18:00,FC Cincinnati,0.7,2–3,0.8,New England,22844,West End Stadium,Silviu Petrescu,Match Report,
Sat,2022-05-21,18:30,D.C. United,2.8,2–2,1.6,Toronto FC,18320,Audi Field,Ismir Pekmic,Match Report,
Sat,2022-05-21,18:30 (19:30),Nashville,2.0,2–2,1.9,Atlanta Utd,30109,Geodis Park,Ted Unkel,Match Report,
Sun,2022-05-22,16:00,CF Montréal,1.0,1–2,1.8,Real Salt Lake,14205,Saputo Stadium,Ramy Touchan,Match Report,
Sun,2022-05-22,16:30 (19:30),San Jose,1.0,1–1,1.0,Sporting KC,14233,Avaya Stadium,Pierre-Luc Lauziere,Match Report,
Sun,2022-05-22,17:00,NYCFC,2.1,1–0,0.8,Chicago Fire,18823,Yankee Stadium,Fotis Bazakos,Match Report,
Sun,2022-05-22,17:00,Charlotte,1.9,2–1,0.9,Vancouver,32034,Bank of America Stadium,Nima Saghafi,Match Report,
Sun,2022-05-22,18:00,Inter Miami,2.2,2–0,1.4,NY Red Bulls,11007,Lockhart Stadium,Jon Freemon,Match Report,
Sun,2022-05-22,18:00 (19:00),FC Dallas,1.3,1–2,0.7,Minnesota Utd,15280,Toyota Stadium,Lukasz Szpala,Match Report,
Sun,2022-05-22,17:00 (20:00),LA Galaxy,1.3,0–3,2.4,Houston Dynamo,22471,Dignity Health Sports Park,Marcos de Oliveira,Match Report,
Sun,2022-05-22,18:00 (20:00),Colorado Rapids,1.7,1–0,0.5,Seattle,14923,Dick's Sporting Goods Park,Tim Ford,Match Report,
Sun,2022-05-22,19:00 (22:00),Portland Timbers,0.7,0–2,1.1,Philadelphia,22288,Providence Park,Allen Chapman,Match Report,
Sun,2022-05-22,19:00 (20:00),Austin,3.5,2–2,1.9,Orlando City,20738,Q2 Stadium,Joe Dickerson,Match Report,
Sat,2022-05-28,15:00 (18:00),Los Angeles FC,2.0,3–2,1.8,San Jose,22007,Banc of California Stadium,Ismail Elfath,Match Report,
Sat,2022-05-28,19:00,Toronto FC,1.0,3–2,2.6,Chicago Fire,25906,BMO Field,Guido Gonzalez Jr.,Match Report,
Sat,2022-05-28,19:00,Atlanta Utd,1.8,1–2,0.7,Columbus Crew,42504,Mercedes-Benz Stadium,Joe Dickerson,Match Report,
Sat,2022-05-28,19:00,NY Red Bulls,1.0,4–1,0.7,D.C. United,13678,Red Bull Arena,Allen Chapman,Match Report,
Sat,2022-05-28,19:30,Orlando City,1.2,1–3,1.1,FC Dallas,17380,Exploria Stadium,Marcos de Oliveira,Match Report,
Sat,2022-05-28,19:30,CF Montréal,2.8,4–3,1.3,FC Cincinnati,14225,Saputo Stadium,Fotis Bazakos,Match Report,
Sat,2022-05-28,19:30,New England,2.8,1–1,0.8,Philadelphia,20398,Gillette Stadium,Jon Freemon,Match Report,
Sun,2022-05-29,15:00 (18:00),LA Galaxy,3.2,4–1,0.9,Austin,20433,Dignity Health Sports Park,Rubiel Vazquez,Match Report,
Sat,2022-05-28,19:00 (20:00),Minnesota Utd,1.1,0–1,1.0,NYCFC,19695,Allianz Field,Michael Radchuk,Match Report,
Sat,2022-05-28,19:00 (21:00),Colorado Rapids,0.6,1–3,1.7,Nashville,15465,Dick's Sporting Goods Park,Nima Saghafi,Match Report,
Sat,2022-05-28,19:30 (21:30),Real Salt Lake,2.4,3–0,1.1,Houston Dynamo,20489,America First Field,Armando Villarreal,Match Report,
Sat,2022-05-28,20:00 (21:00),Sporting KC,1.1,0–1,1.4,Vancouver,19206,Children's Mercy Park,Ted Unkel,Match Report,
Sat,2022-05-28,20:00,Inter Miami,1.3,2–1,1.1,Portland Timbers,11161,Lockhart Stadium,Chris Penso,Match Report,
Sun,2022-05-29,18:30 (21:30),Seattle,1.9,2–1,1.4,Charlotte,32763,Lumen Field,Rosendo Mendoza,Match Report,
Sat,2022-06-04,16:00 (19:00),Vancouver,1.5,2–1,1.0,Real Salt Lake,17134,BC Place,Jon Freemon,Match Report,
Sat,2022-06-11,15:00,Charlotte,1.9,2–0,0.4,NY Red Bulls,32064,Bank of America Stadium,Guido Gonzalez Jr.,Match Report,
Sun,2022-06-12,14:00 (15:00),Sporting KC,0.8,1–2,1.8,New England,18703,Children's Mercy Park,Chris Penso,Match Report,
Sat,2022-06-11,19:00 (20:00),Nashville,1.4,0–0,0.6,San Jose,28672,Geodis Park,Allen Chapman,Match Report,
Tue,2022-06-14,19:30 (22:30),Seattle,2.3,4–0,0.6,Vancouver,31165,Lumen Field,Lukasz Szpala,Match Report,
Wed,2022-06-15,19:30,New England,0.9,1–1,0.6,Orlando City,15308,Gillette Stadium,Ramy Touchan,Match Report,
Sat,2022-06-18,12:00 (15:00),Seattle,1.3,1–1,1.5,Los Angeles FC,34642,Lumen Field,Allen Chapman,Match Report,
Sat,2022-06-18,14:00 (17:00),LA Galaxy,1.1,1–1,0.8,Portland Timbers,21414,Dignity Health Sports Park,Joe Dickerson,Match Report,
Sat,2022-06-18,19:00,NY Red Bulls,1.4,2–0,1.4,Toronto FC,19142,Red Bull Arena,Ramy Touchan,Match Report,
Sat,2022-06-18,19:30,CF Montréal,1.8,0–1,0.7,Austin,15045,Saputo Stadium,Ted Unkel,Match Report,
Sat,2022-06-18,19:30,Philadelphia,1.4,1–1,1.1,FC Cincinnati,18717,Subaru Park,Tim Ford,Match Report,
Sat,2022-06-18,19:30,Orlando City,3.1,2–1,0.6,Houston Dynamo,16333,Exploria Stadium,Rosendo Mendoza,Match Report,
Sat,2022-06-18,19:30,Columbus Crew,1.4,1–1,0.5,Charlotte,20446,Lower.com Field,Silviu Petrescu,Match Report,
Sun,2022-06-19,15:00,Atlanta Utd,1.8,2–0,0.8,Inter Miami,42539,Mercedes-Benz Stadium,Armando Villarreal,Match Report,
Sun,2022-06-19,17:00,NYCFC,1.3,1–1,0.3,Colorado Rapids,19812,Yankee Stadium,Marcos de Oliveira,Match Report,
Sun,2022-06-19,17:00 (18:00),Nashville,0.8,1–2,0.4,Sporting KC,29269,Geodis Park,Victor Rivas,Match Report,
Sun,2022-06-19,17:00,New England,0.4,2–1,1.4,Minnesota Utd,21289,Gillette Stadium,Ismir Pekmic,Match Report,
Sat,2022-06-18,19:00 (20:00),Chicago Fire,1.2,1–0,1.1,D.C. United,17650,Soldier Field,Nima Saghafi,Match Report,
Sat,2022-06-18,19:30 (21:30),Real Salt Lake,2.0,2–0,0.5,San Jose,20517,America First Field,Alex Chilowicz,Match Report,
Sat,2022-06-18,20:00 (21:00),FC Dallas,1.2,0–2,0.7,Vancouver,19096,Toyota Stadium,Tori Penso,Match Report,
Fri,2022-06-24,19:30,FC Cincinnati,1.2,1–0,0.2,Orlando City,24263,West End Stadium,Guido Gonzalez Jr.,Match Report,
Sat,2022-06-25,12:00 (15:00),Seattle,2.8,3–0,0.4,Sporting KC,33380,Lumen Field,Alex Chilowicz,Match Report,
Sat,2022-06-25,17:00,D.C. United,0.8,1–3,1.4,Nashville,19325,Audi Field,Lukasz Szpala,Match Report,
Sat,2022-06-25,19:30,CF Montréal,0.7,2–1,1.4,Charlotte,13520,Saputo Stadium,Nima Saghafi,Match Report,
Sat,2022-06-25,19:30,Toronto FC,1.7,2–1,1.0,Atlanta Utd,25527,BMO Field,Jon Freemon,Match Report,
Sun,2022-06-26,12:00 (15:00),Los Angeles FC,1.2,2–0,0.7,NY Red Bulls,,Banc of California Stadium,Joe Dickerson,Match Report,
Sun,2022-06-26,18:00,Philadelphia,2.6,2–1,1.4,NYCFC,18589,Subaru Park,Armando Villarreal,Match Report,
Sat,2022-06-25,19:00 (20:00),Houston Dynamo,1.3,2–0,1.7,Chicago Fire,13081,PNC Stadium,Ismir Pekmic,Match Report,
Sat,2022-06-25,19:30 (22:30),Portland Timbers,3.5,3–0,1.6,Colorado Rapids,23448,Providence Park,Rosendo Mendoza,Match Report,
Sat,2022-06-25,20:00 (22:00),Real Salt Lake,0.7,0–0,0.6,Columbus Crew,20311,America First Field,Mark Allatin,Match Report,
Sat,2022-06-25,20:00,Inter Miami,1.7,2–1,1.1,Minnesota Utd,12147,Lockhart Stadium,Victor Rivas,Match Report,
Sat,2022-06-25,20:00 (21:00),Austin,1.2,2–2,2.2,FC Dallas,20738,Q2 Stadium,Allen Chapman,Match Report,
Sun,2022-06-26,17:00 (20:00),Vancouver,1.2,0–0,1.0,New England,15084,BC Place,Filip Dujic,Match Report,
Wed,2022-06-29,19:30,FC Cincinnati,2.3,4–4,2.4,NYCFC,21258,West End Stadium,Ismir Pekmic,Match Report,
Wed,2022-06-29,19:30,Toronto FC,1.6,1–2,0.9,Columbus Crew,21289,BMO Field,Armando Villarreal,Match Report,
Thu,2022-06-30,19:00,Charlotte,0.6,0–1,0.3,Austin,31661,Bank of America Stadium,Tim Ford,Match Report,
Wed,2022-06-29,19:00 (20:00),Chicago Fire,1.8,1–0,0.6,Philadelphia,10384,Soldier Field,Michael Radchuk,Match Report,
Wed,2022-06-29,19:00 (22:00),Seattle,0.9,1–2,1.5,CF Montréal,32375,Lumen Field,Joe Dickerson,Match Report,
Wed,2022-06-29,19:30 (22:30),LA Galaxy,3.2,2–3,1.1,Minnesota Utd,18337,Dignity Health Sports Park,Ted Unkel,Match Report,
Wed,2022-06-29,19:30 (22:30),Portland Timbers,1.7,2–1,1.8,Houston Dynamo,22932,Providence Park,Lukasz Szpala,Match Report,
Wed,2022-06-29,19:30 (22:30),Los Angeles FC,2.1,3–1,0.7,FC Dallas,22014,Banc of California Stadium,Marcos de Oliveira,Match Report,
Thu,2022-06-30,20:00,NY Red Bulls,1.7,2–1,1.3,Atlanta Utd,14122,Red Bull Arena,Alex Chilowicz,Match Report,
Sat,2022-07-02,19:30,Toronto FC,1.5,0–2,1.7,Seattle,23594,BMO Field,Silviu Petrescu,Match Report,
Sun,2022-07-03,17:00,NYCFC,2.8,2–2,1.4,Atlanta Utd,17704,Yankee Stadium,Rosendo Mendoza,Match Report,
Sat,2022-07-02,19:00 (22:00),Vancouver,0.7,1–0,0.4,Los Angeles FC,18292,BC Place,Guido Gonzalez Jr.,Match Report,
Sun,2022-07-03,19:30,Columbus Crew,1.5,0–0,0.2,Philadelphia,20469,Lower.com Field,Nima Saghafi,Match Report,
Sun,2022-07-03,19:30,New England,1.5,2–2,1.3,FC Cincinnati,20193,Gillette Stadium,Jon Freemon,Match Report,
Sun,2022-07-03,18:00 (21:00),San Jose,2.5,2–1,1.9,Chicago Fire,13224,Avaya Stadium,Victor Rivas,Match Report,
Mon,2022-07-04,19:00,Orlando City,2.5,3–5,1.9,D.C. United,16,Exploria Stadium,Allen Chapman,Match Report,
Sun,2022-07-03,19:00 (20:00),Minnesota Utd,2.8,3–2,1.5,Real Salt Lake,,Allianz Field,Ramy Touchan,Match Report,
Sun,2022-07-03,19:00 (20:00),Sporting KC,1.1,0–1,1.0,NY Red Bulls,19065,Children's Mercy Park,Marcos de Oliveira,Match Report,
Sun,2022-07-03,19:30 (20:30),Houston Dynamo,0.9,1–2,2.3,Charlotte,19242,PNC Stadium,Jair Marrufo,Match Report,
Sun,2022-07-03,19:30 (20:30),Nashville,1.0,2–2,1.6,Portland Timbers,28387,Geodis Park,Armando Villarreal,Match Report,
Mon,2022-07-04,19:00 (21:00),Colorado Rapids,2.1,2–3,1.6,Austin,18084,Dick's Sporting Goods Park,Joe Dickerson,Match Report,
Mon,2022-07-04,19:30 (22:30),LA Galaxy,3.1,4–0,1.1,CF Montréal,23855,Dignity Health Sports Park,Tim Ford,Match Report,
Mon,2022-07-04,20:00 (21:00),FC Dallas,1.0,1–1,2.1,Inter Miami,19096,Toyota Stadium,Alex Chilowicz,Match Report,
Fri,2022-07-08,19:30,Philadelphia,4.7,7–0,1.0,D.C. United,19007,Subaru Park,Ted Unkel,Match Report,
Sat,2022-07-09,13:00,NYCFC,6.1,4–2,1.4,New England,17991,Yankee Stadium,Tim Ford,Match Report,
Sat,2022-07-09,13:30 (16:30),Seattle,1.4,0–3,2.1,Portland Timbers,47722,Lumen Field,Chris Penso,Match Report,
Sat,2022-07-09,19:00,Atlanta Utd,1.4,0–3,2.7,Austin,67516,Mercedes-Benz Stadium,Jair Marrufo,Match Report,
Fri,2022-07-08,19:00 (22:00),Los Angeles FC,1.8,3–2,1.6,LA Galaxy,22231,Banc of California Stadium,Armando Villarreal,Match Report,
Sat,2022-07-09,19:00,Charlotte,2.0,4–1,2.1,Nashville,,Bank of America Stadium,Joe Dickerson,Match Report,
Sat,2022-07-09,19:30,FC Cincinnati,1.6,1–1,1.1,NY Red Bulls,24476,West End Stadium,Rosendo Mendoza,Match Report,
Fri,2022-07-08,19:30 (22:30),Vancouver,1.0,1–3,1.1,Minnesota Utd,14201,BC Place,Alex Chilowicz,Match Report,
Sat,2022-07-09,19:30,Toronto FC,2.5,2–2,1.3,San Jose,27149,BMO Field,Fotis Bazakos,Match Report,
Sat,2022-07-09,19:30,CF Montréal,1.5,1–2,0.4,Sporting KC,14127,Saputo Stadium,Ismir Pekmic,Match Report,
Sat,2022-07-09,19:00 (20:00),Chicago Fire,1.7,2–3,1.5,Columbus Crew,15157,Soldier Field,Ramy Touchan,Match Report,
Sat,2022-07-09,19:30 (20:30),Houston Dynamo,2.3,2–2,1.9,FC Dallas,21284,PNC Stadium,Jon Freemon,Match Report,
Sat,2022-07-09,20:00 (22:00),Real Salt Lake,1.5,2–2,2.7,Colorado Rapids,20242,America First Field,Lukasz Szpala,Match Report,
Sat,2022-07-09,22:00,Orlando City,0.6,1–0,0.7,Inter Miami,20052,Exploria Stadium,Nima Saghafi,Match Report,
Wed,2022-07-13,19:30,Atlanta Utd,1.2,2–1,0.7,Real Salt Lake,42509,Mercedes-Benz Stadium,Drew Fischer,Match Report,
Tue,2022-07-12,20:00 (21:00),Austin,1.7,3–1,0.9,Houston Dynamo,20738,Q2 Stadium,Chris Penso,Match Report,
Wed,2022-07-13,19:00 (21:00),Colorado Rapids,1.9,1–1,0.9,Orlando City,12538,Dick's Sporting Goods Park,Fotis Bazakos,Match Report,
Wed,2022-07-13,19:00 (20:00),Chicago Fire,1.1,2–0,0.3,Toronto FC,10450,Soldier Field,Lukasz Szpala,Match Report,
Wed,2022-07-13,19:00 (20:00),Minnesota Utd,0.9,1–1,1.0,Sporting KC,19657,Allianz Field,Guido Gonzalez Jr.,Match Report,
Wed,2022-07-13,19:00 (22:00),LA Galaxy,2.4,2–3,1.8,San Jose,18453,Dignity Health Sports Park,Allen Chapman,Match Report,
Wed,2022-07-13,19:30 (20:30),Nashville,1.4,1–0,0.9,Seattle,26927,Geodis Park,Rubiel Vazquez,Match Report,
Wed,2022-07-13,20:00,Inter Miami,0.9,1–2,1.3,Philadelphia,10027,Lockhart Stadium,Marcos de Oliveira,Match Report,
Wed,2022-07-13,20:00 (21:00),FC Dallas,1.4,0–1,0.9,NYCFC,13656,Toyota Stadium,Victor Rivas,Match Report,
Wed,2022-07-13,20:00,D.C. United,2.8,2–2,0.5,Columbus Crew,10128,Audi Field,Rosendo Mendoza,Match Report,
Wed,2022-07-13,20:00,FC Cincinnati,1.8,2–2,1.5,Vancouver,21078,West End Stadium,Pierre-Luc Lauziere,Match Report,
Sat,2022-07-16,19:30,CF Montréal,2.1,1–0,0.3,Toronto FC,19619,Saputo Stadium,Ted Unkel,Match Report,
Sat,2022-07-16,19:30,Philadelphia,1.4,2–1,1.7,New England,18257,Subaru Park,Rubiel Vazquez,Match Report,
Sun,2022-07-17,15:00,Atlanta Utd,1.9,1–1,0.2,Orlando City,42526,Mercedes-Benz Stadium,Victor Rivas,Match Report,
Sun,2022-07-17,17:00,NY Red Bulls,0.8,0–1,1.4,NYCFC,25219,Red Bull Arena,Chris Penso,Match Report,
Sat,2022-07-16,19:00 (20:00),Minnesota Utd,1.6,2–0,0.4,D.C. United,19718,Allianz Field,Jair Marrufo,Match Report,
Sat,2022-07-16,19:00 (20:00),Chicago Fire,1.0,1–0,1.0,Seattle,13601,Soldier Field,Pierre-Luc Lauziere,Match Report,
Sat,2022-07-16,19:00 (21:00),Colorado Rapids,1.4,2–0,1.0,LA Galaxy,17975,Dick's Sporting Goods Park,Guido Gonzalez Jr.,Match Report,
Sun,2022-07-17,19:30,Columbus Crew,1.9,2–0,0.9,FC Cincinnati,20741,Lower.com Field,Marcos de Oliveira,Match Report,
Sat,2022-07-16,20:00 (21:00),FC Dallas,2.6,1–1,1.1,Austin,16833,Toyota Stadium,Armando Villarreal,Match Report,
Sat,2022-07-16,20:30,Inter Miami,1.7,3–2,0.4,Charlotte,12274,Lockhart Stadium,Jon Freemon,Match Report,
Sun,2022-07-17,18:30 (21:30),San Jose,2.1,1–2,1.3,Houston Dynamo,13445,Avaya Stadium,Tim Ford,Match Report,
Sun,2022-07-17,19:30 (22:30),Portland Timbers,2.1,1–1,1.3,Vancouver,24337,Providence Park,Ramy Touchan,Match Report,
Sun,2022-07-17,19:30 (21:30),Real Salt Lake,2.4,3–0,0.3,Sporting KC,20132,America First Field,Joe Dickerson,Match Report,
Sun,2022-07-17,19:30 (20:30),Nashville,1.8,1–2,1.4,Los Angeles FC,30109,Geodis Park,Drew Fischer,Match Report,
Sat,2022-07-23,19:00,NYCFC,1.9,2–0,0.7,Inter Miami,23277,Yankee Stadium,Allen Chapman,Match Report,
Sat,2022-07-23,19:30,Toronto FC,1.5,4–0,0.8,Charlotte,29067,BMO Field,Filip Dujic,Match Report,
Sat,2022-07-23,19:30,Orlando City,0.9,0–1,1.1,Philadelphia,16031,Exploria Stadium,Alex Chilowicz,Match Report,
Sat,2022-07-23,19:30,Columbus Crew,0.8,0–0,0.2,New England,20383,Lower.com Field,Silviu Petrescu,Match Report,
Sat,2022-07-23,19:30,FC Cincinnati,1.2,1–1,1.1,Nashville,23420,West End Stadium,Chris Penso,Match Report,
Sat,2022-07-23,19:00 (22:00),Seattle,2.4,2–1,0.9,Colorado Rapids,32476,Lumen Field,Rosendo Mendoza,Match Report,
Sat,2022-07-23,19:00 (22:00),Vancouver,1.6,1–3,0.9,Chicago Fire,14984,BC Place,Joe Dickerson,Match Report,
Sat,2022-07-23,19:30 (22:30),Portland Timbers,1.4,2–1,1.4,San Jose,23795,Providence Park,Jon Freemon,Match Report,
Sat,2022-07-23,19:30 (20:30),Sporting KC,0.5,0–2,1.3,Los Angeles FC,20142,Children's Mercy Park,Lukasz Szpala,Match Report,
Sat,2022-07-23,19:30 (20:30),Houston Dynamo,1.4,1–2,1.3,Minnesota Utd,15223,PNC Stadium,Nima Saghafi,Match Report,
Sat,2022-07-23,20:00 (22:00),Real Salt Lake,1.9,0–1,0.5,FC Dallas,20437,America First Field,Matt Conger,Match Report,
Sat,2022-07-23,20:00,D.C. United,0.9,1–2,1.7,CF Montréal,15734,Audi Field,Rubiel Vazquez,Match Report,
Sun,2022-07-24,18:30 (21:30),LA Galaxy,2.0,2–0,1.1,Atlanta Utd,24122,Dignity Health Sports Park,Marcos de Oliveira,Match Report,
Sun,2022-07-24,19:00 (20:00),Austin,1.2,3–4,1.1,NY Red Bulls,20738,Q2 Stadium,Guido Gonzalez Jr.,Match Report,
Sat,2022-07-30,14:00 (15:00),Minnesota Utd,2.3,4–4,1.4,Portland Timbers,19792,Allianz Field,Victor Rivas,Match Report,
Sat,2022-07-30,16:00 (17:00),Chicago Fire,1.1,0–0,1.2,Atlanta Utd,23951,Soldier Field,Tim Ford,Match Report,
Sat,2022-07-30,19:30,CF Montréal,1.1,0–0,0.1,NYCFC,19619,Saputo Stadium,Ramy Touchan,Match Report,
Sat,2022-07-30,19:30,Philadelphia,2.4,6–0,0.6,Houston Dynamo,19089,Subaru Park,Kevin Stott,Match Report,
Fri,2022-07-29,20:00 (23:00),Los Angeles FC,1.8,2–1,0.8,Seattle,22111,Banc of California Stadium,Joe Dickerson,Match Report,
Sun,2022-07-31,17:00,D.C. United,1.2,2–1,1.9,Orlando City,15805,Audi Field,Armando Villarreal,Match Report,
Sat,2022-07-30,19:00 (22:00),San Jose,2.0,2–2,1.6,Real Salt Lake,12411,Avaya Stadium,Nima Saghafi,Match Report,
Sat,2022-07-30,19:00 (20:00),Nashville,1.4,1–1,1.4,Vancouver,26578,Geodis Park,Marcos de Oliveira,Match Report,
Sat,2022-07-30,19:30 (20:30),Sporting KC,1.7,0–2,1.1,Austin,17287,Children's Mercy Park,Fotis Bazakos,Match Report,
Sat,2022-07-30,20:00 (21:00),FC Dallas,1.3,1–0,1.3,LA Galaxy,19096,Toyota Stadium,Pierre-Luc Lauziere,Match Report,
Sat,2022-07-30,20:00,Inter Miami,2.8,4–4,2.7,FC Cincinnati,,Lockhart Stadium,Tori Penso,Match Report,
Sat,2022-07-30,20:00,New England,0.8,0–0,2.1,Toronto FC,29097,Gillette Stadium,Ismir Pekmic,Match Report,
Tue,2022-08-02,19:30,NY Red Bulls,2.2,4–5,1.8,Colorado Rapids,13812,Red Bull Arena,Drew Fischer,Match Report,
Tue,2022-08-02,19:00 (22:00),Seattle,1.5,1–0,0.5,FC Dallas,32207,Lumen Field,Allen Chapman,Match Report,
Wed,2022-08-03,19:00,Charlotte,2.1,3–0,0.8,D.C. United,31520,Bank of America Stadium,Guido Gonzalez Jr.,Match Report,
Wed,2022-08-03,19:30,Columbus Crew,1.1,1–2,1.8,CF Montréal,19010,Lower.com Field,Lukasz Szpala,Match Report,
Wed,2022-08-03,19:30 (22:30),San Jose,1.5,0–1,2.2,Inter Miami,11806,Avaya Stadium,Mark Allatin,Match Report,
Wed,2022-08-03,19:30 (22:30),Portland Timbers,0.9,1–1,1.4,Nashville,23101,Providence Park,Silviu Petrescu,Match Report,
Sat,2022-08-06,15:00,Atlanta Utd,0.9,2–1,1.3,Seattle,68586,Mercedes-Benz Stadium,Armando Villarreal,Match Report,
Sat,2022-08-06,19:00,Charlotte,1.0,2–3,2.4,Chicago Fire,32538,Bank of America Stadium,Nima Saghafi,Match Report,
Sat,2022-08-06,19:30,CF Montréal,1.9,2–2,0.7,Inter Miami,18007,Saputo Stadium,Kevin Stott,Match Report,
Fri,2022-08-05,19:30 (22:30),Vancouver,1.3,2–1,1.0,Houston Dynamo,14668,BC Place,Fotis Bazakos,Match Report,
Sat,2022-08-06,19:30,Orlando City,1.2,0–3,1.2,New England,,Exploria Stadium,Ramy Touchan,Match Report,
Sat,2022-08-06,19:30,FC Cincinnati,1.5,3–1,1.4,Philadelphia,23443,West End Stadium,Drew Fischer,Match Report,
Sat,2022-08-06,19:30,D.C. United,0.2,0–0,0.7,NY Red Bulls,16258,Audi Field,Pierre-Luc Lauziere,Match Report,
Sat,2022-08-06,19:30,Columbus Crew,1.1,3–2,1.5,NYCFC,18609,Lower.com Field,Rubiel Vazquez,Match Report,
Sat,2022-08-06,19:00 (20:00),Nashville,2.9,3–4,1.9,Toronto FC,26326,Geodis Park,Allen Chapman,Match Report,
Sat,2022-08-06,19:00 (21:00),Colorado Rapids,3.5,4–3,1.5,Minnesota Utd,14738,Dick's Sporting Goods Park,Ismir Pekmic,Match Report,
Sat,2022-08-06,19:30 (20:30),Sporting KC,2.8,4–2,1.3,LA Galaxy,18101,Children's Mercy Park,Michael Radchuk,Match Report,
Sat,2022-08-06,19:30 (22:30),Portland Timbers,1.4,1–1,1.2,FC Dallas,24114,Providence Park,Ted Unkel,Match Report,
Sat,2022-08-06,20:00 (22:00),Real Salt Lake,1.1,1–4,1.4,Los Angeles FC,21810,America First Field,Victor Rivas,Match Report,
Sat,2022-08-06,20:00 (21:00),Austin,2.4,3–3,0.9,San Jose,20738,Q2 Stadium,Lukasz Szpala,Match Report,
Sat,2022-08-13,18:00,NY Red Bulls,0.5,0–1,0.2,Orlando City,,Red Bull Arena,Rubiel Vazquez,Match Report,
Sat,2022-08-13,19:30,New England,2.5,1–0,0.7,D.C. United,24240,Gillette Stadium,Malik Badawi,Match Report,
Sat,2022-08-13,19:30,Toronto FC,2.4,3–1,0.6,Portland Timbers,28598,BMO Field,Nima Saghafi,Match Report,
Sat,2022-08-13,19:30,FC Cincinnati,1.6,2–2,1.2,Atlanta Utd,25037,West End Stadium,Fotis Bazakos,Match Report,
Sat,2022-08-13,19:30,Philadelphia,3.0,4–1,1.5,Chicago Fire,18682,Subaru Park,Ismail Elfath,Match Report,
Sat,2022-08-13,19:00 (22:00),LA Galaxy,2.5,5–2,1.4,Vancouver,,Dignity Health Sports Park,Silviu Petrescu,Match Report,
Sat,2022-08-13,19:00 (21:00),Colorado Rapids,1.3,1–1,1.5,Columbus Crew,13254,Dick's Sporting Goods Park,Jon Freemon,Match Report,
Sat,2022-08-13,19:30 (22:30),Los Angeles FC,3.0,5–0,0.3,Charlotte,22140,Banc of California Stadium,Chris Penso,Match Report,
Sat,2022-08-13,20:00,Inter Miami,1.8,3–2,2.0,NYCFC,11419,Lockhart Stadium,Drew Fischer,Match Report,
Sat,2022-08-13,20:00 (21:00),Houston Dynamo,0.8,2–3,2.3,CF Montréal,21284,PNC Stadium,Guido Gonzalez Jr.,Match Report,
Sat,2022-08-13,20:00 (21:00),Austin,1.4,4–3,2.4,Sporting KC,20738,Q2 Stadium,Pierre-Luc Lauziere,Match Report,
Sat,2022-08-13,20:00 (21:00),FC Dallas,2.2,4–1,0.5,San Jose,15106,Toyota Stadium,Victor Rivas,Match Report,
Sun,2022-08-14,19:00 (22:00),Seattle,1.2,1–2,0.8,Real Salt Lake,33093,Lumen Field,Tim Ford,Match Report,
Sun,2022-08-14,20:00 (21:00),Nashville,1.6,1–2,0.8,Minnesota Utd,25240,Geodis Park,Alex Chilowicz,Match Report,
Wed,2022-08-17,19:30,Toronto FC,1.6,2–2,1.0,New England,28464,BMO Field,Fotis Bazakos,Match Report,
Tue,2022-08-16,19:30 (22:30),Los Angeles FC,2.3,1–0,0.5,D.C. United,22063,Banc of California Stadium,Ramy Touchan,Match Report,
Wed,2022-08-17,19:30,Atlanta Utd,1.3,1–2,0.9,NY Red Bulls,42555,Mercedes-Benz Stadium,Ted Unkel,Match Report,
Wed,2022-08-17,19:00 (22:00),Vancouver,0.7,2–1,2.0,Colorado Rapids,14682,BC Place,Filip Dujic,Match Report,
Wed,2022-08-17,20:00,NYCFC,1.1,1–3,1.5,Charlotte,8531,Red Bull Arena,Jon Freemon,Match Report,
Wed,2022-08-17,20:00 (21:00),FC Dallas,1.0,1–0,0.5,Philadelphia,12479,Toyota Stadium,Nima Saghafi,Match Report,
Sat,2022-08-20,18:00,NY Red Bulls,1.8,1–1,0.4,FC Cincinnati,16525,Red Bull Arena,Ismail Elfath,Match Report,
Fri,2022-08-19,19:00 (22:00),LA Galaxy,1.4,3–3,2.3,Seattle,23278,Dignity Health Sports Park,Victor Rivas,Match Report,
Sat,2022-08-20,19:30,CF Montréal,2.7,4–0,1.1,New England,19619,Saputo Stadium,Chris Penso,Match Report,
Sat,2022-08-20,19:30,D.C. United,1.4,0–6,3.6,Philadelphia,17941,Audi Field,Ted Unkel,Match Report,
Sun,2022-08-21,17:00 (18:00),Chicago Fire,1.6,0–2,0.9,NYCFC,11720,Soldier Field,Rosendo Mendoza,Match Report,
Sun,2022-08-21,17:30,Columbus Crew,1.1,2–2,1.8,Atlanta Utd,17461,Lower.com Field,Joe Dickerson,Match Report,
Sun,2022-08-21,18:30 (19:30),Sporting KC,1.6,4–1,1.3,Portland Timbers,17348,Children's Mercy Park,Armando Villarreal,Match Report,
Sat,2022-08-20,19:00 (21:00),Colorado Rapids,0.8,1–1,0.5,Houston Dynamo,15380,Dick's Sporting Goods Park,Marcos de Oliveira,Match Report,
Sat,2022-08-20,19:00 (20:00),Minnesota Utd,2.2,2–1,1.2,Austin,19829,Allianz Field,Allen Chapman,Match Report,
Sun,2022-08-21,19:00,Charlotte,0.6,1–2,1.5,Orlando City,30855,Bank of America Stadium,Lukasz Szpala,Match Report,
Sat,2022-08-20,19:00 (22:00),San Jose,1.0,2–1,1.1,Los Angeles FC,18000,Avaya Stadium,Michael Radchuk,Match Report,
Sat,2022-08-20,20:00 (22:00),Real Salt Lake,1.0,1–1,0.8,Vancouver,20567,America First Field,Ismir Pekmic,Match Report,
Sat,2022-08-20,20:00,Inter Miami,0.6,2–1,0.6,Toronto FC,14388,Lockhart Stadium,Pierre-Luc Lauziere,Match Report,
Sun,2022-08-21,19:30 (20:30),Nashville,2.1,4–0,0.2,FC Dallas,25571,Geodis Park,Kevin Stott,Match Report,
Sat,2022-08-27,14:30 (15:30),Minnesota Utd,1.4,2–1,0.7,Houston Dynamo,,Allianz Field,Rosendo Mendoza,Match Report,
Fri,2022-08-26,19:00 (20:00),Austin,0.8,4–1,2.0,Los Angeles FC,20738,Q2 Stadium,Alex Chilowicz,Match Report,
Sat,2022-08-27,19:00,NY Red Bulls,1.1,3–1,1.4,Inter Miami,21374,Red Bull Arena,Fotis Bazakos,Match Report,
Fri,2022-08-26,19:00 (22:00),Portland Timbers,2.7,2–1,0.6,Seattle,25218,Providence Park,Ismail Elfath,Match Report,
Sat,2022-08-27,19:00,Charlotte,1.0,0–2,0.5,Toronto FC,32495,Bank of America Stadium,Tim Ford,Match Report,
Sat,2022-08-27,19:30,FC Cincinnati,1.9,2–2,0.5,Columbus Crew,25037,West End Stadium,Kevin Stott,Match Report,
Sat,2022-08-27,19:30,Philadelphia,5.4,6–0,1.1,Colorado Rapids,18005,Subaru Park,Allen Chapman,Match Report,
Sun,2022-08-28,16:00,Atlanta Utd,2.4,3–2,1.0,D.C. United,42561,Mercedes-Benz Stadium,Nima Saghafi,Match Report,
Sat,2022-08-27,19:00 (22:00),Vancouver,0.6,0–3,1.4,Nashville,16351,BC Place,Jon Freemon,Match Report,
Sat,2022-08-27,19:00 (20:00),Chicago Fire,0.6,0–2,0.9,CF Montréal,13907,Soldier Field,Michael Radchuk,Match Report,
Sun,2022-08-28,19:30,Orlando City,1.0,2–1,0.5,NYCFC,,Exploria Stadium,Chris Penso,Match Report,
Sat,2022-08-27,19:30 (20:30),Sporting KC,1.3,1–0,0.9,San Jose,18241,Children's Mercy Park,Guido Gonzalez Jr.,Match Report,
Sat,2022-08-27,20:00 (21:00),FC Dallas,1.0,1–1,1.1,Real Salt Lake,15573,Toyota Stadium,Ramy Touchan,Match Report,
Sun,2022-08-28,20:00,New England,1.5,1–2,1.0,LA Galaxy,21517,Gillette Stadium,Lukasz Szpala,Match Report,
Wed,2022-08-31,19:00,Philadelphia,2.5,4–1,1.6,Atlanta Utd,18214,Subaru Park,Lukasz Szpala,Match Report,
Wed,2022-08-31,19:30,Columbus Crew,0.9,1–0,0.2,Inter Miami,18034,Lower.com Field,Armando Villarreal,Match Report,
Wed,2022-08-31,19:30,Toronto FC,1.4,2–2,0.6,LA Galaxy,29130,BMO Field,Ted Unkel,Match Report,
Wed,2022-08-31,19:30,CF Montréal,0.7,0–1,0.9,NY Red Bulls,15075,Saputo Stadium,Victor Rivas,Match Report,
Wed,2022-08-31,19:30,New England,1.5,0–0,1.4,Chicago Fire,13325,Gillette Stadium,Marcos de Oliveira,Match Report,
Wed,2022-08-31,19:30 (20:30),Nashville,2.3,4–1,0.8,Colorado Rapids,24127,Geodis Park,Mark Allatin,Match Report,
Wed,2022-08-31,19:30 (21:30),Real Salt Lake,1.8,3–0,0.4,Minnesota Utd,20358,America First Field,Drew Fischer,Match Report,
Wed,2022-08-31,19:30 (20:30),Houston Dynamo,1.4,2–1,2.9,Los Angeles FC,21284,PNC Stadium,Matt Conger,Match Report,
Wed,2022-08-31,20:00 (21:00),Austin,2.7,1–2,2.4,Portland Timbers,20738,Q2 Stadium,Chris Penso,Match Report,
Wed,2022-08-31,20:00,NYCFC,0.3,1–2,1.3,D.C. United,8113,Yankee Stadium,Ismir Pekmic,Match Report,
Wed,2022-08-31,22:00,Orlando City,3.6,3–2,1.0,Seattle,14483,Exploria Stadium,Alex Chilowicz,Match Report,
Sat,2022-09-03,14:30 (15:30),Minnesota Utd,0.9,0–3,0.9,FC Dallas,19761,Allianz Field,Ismail Elfath,Match Report,
Sat,2022-09-03,17:30,Columbus Crew,1.2,0–0,0.2,Chicago Fire,18189,Lower.com Field,Ismir Pekmic,Match Report,
Sat,2022-09-03,19:00,NY Red Bulls,1.0,0–2,0.9,Philadelphia,16247,Red Bull Arena,Tim Ford,Match Report,
Sat,2022-09-03,19:30,FC Cincinnati,1.2,2–0,0.9,Charlotte,21165,West End Stadium,Michael Radchuk,Match Report,
Sun,2022-09-04,14:30 (17:30),Portland Timbers,2.4,2–1,0.9,Atlanta Utd,24438,Providence Park,Jon Freemon,Match Report,
Sun,2022-09-04,19:30,Toronto FC,2.0,3–4,1.5,CF Montréal,28793,BMO Field,Allen Chapman,Match Report,
Sun,2022-09-04,19:30,D.C. United,1.7,0–0,1.4,Colorado Rapids,16502,Audi Field,Tori Penso,Match Report,
Sat,2022-09-03,19:30 (20:30),Nashville,1.8,3–0,0.5,Austin,25293,Geodis Park,Nima Saghafi,Match Report,
Sun,2022-09-04,17:00 (20:00),LA Galaxy,2.3,2–2,1.5,Sporting KC,20104,Dignity Health Sports Park,Ramy Touchan,Match Report,
Sun,2022-09-04,18:00 (21:00),Seattle,2.5,2–1,0.5,Houston Dynamo,33621,Lumen Field,Silviu Petrescu,Match Report,
Sun,2022-09-04,18:30 (21:30),San Jose,0.8,2–0,1.2,Vancouver,13211,Avaya Stadium,Rosendo Mendoza,Match Report,
Sun,2022-09-04,19:30 (22:30),Los Angeles FC,3.1,2–0,0.4,Real Salt Lake,22199,Banc of California Stadium,Lukasz Szpala,Match Report,
Sun,2022-09-04,20:00,New England,0.6,3–0,2.3,NYCFC,17793,Gillette Stadium,Guido Gonzalez Jr.,Match Report,
Wed,2022-09-07,20:00,NYCFC,1.3,1–1,0.1,FC Cincinnati,14248,Citi Field,Ted Unkel,Match Report,
Fri,2022-09-09,19:30,CF Montréal,2.0,2–2,0.6,Columbus Crew,19619,Saputo Stadium,Lukasz Szpala,Match Report,
Sat,2022-09-10,13:00,Charlotte,0.7,1–0,1.0,NYCFC,30159,Bank of America Stadium,Victor Rivas,Match Report,
Sat,2022-09-10,14:30 (15:30),Nashville,1.4,1–1,2.7,LA Galaxy,28753,Geodis Park,Chris Penso,Match Report,
Sat,2022-09-10,18:00,NY Red Bulls,1.5,2–1,0.5,New England,16301,Red Bull Arena,Alex Chilowicz,Match Report,
Sat,2022-09-10,19:30,Philadelphia,2.9,5–1,0.5,Orlando City,19079,Subaru Park,Armando Villarreal,Match Report,
Sat,2022-09-10,19:30,FC Cincinnati,3.9,6–0,0.7,San Jose,22557,West End Stadium,Ismir Pekmic,Match Report,
Sat,2022-09-10,19:30,Atlanta Utd,4.4,4–2,2.5,Toronto FC,42670,Mercedes-Benz Stadium,Rosendo Mendoza,Match Report,
Sat,2022-09-10,17:00 (20:00),Seattle,1.3,3–0,1.1,Austin,,Lumen Field,Marcos de Oliveira,Match Report,
Sat,2022-09-10,19:00 (20:00),Chicago Fire,1.3,3–1,1.2,Inter Miami,,SeatGeek Stadium,Matt Conger,Match Report,
Sat,2022-09-10,19:00 (22:00),Portland Timbers,1.1,1–0,2.6,Minnesota Utd,25019,Providence Park,Guido Gonzalez Jr.,Match Report,
Sat,2022-09-10,19:30 (20:30),Houston Dynamo,1.0,0–0,1.6,Sporting KC,15169,PNC Stadium,Tori Penso,Match Report,
Sat,2022-09-10,19:30 (21:30),Colorado Rapids,1.8,3–1,1.0,Vancouver,14036,Dick's Sporting Goods Park,Kevin Stott,Match Report,
Sat,2022-09-10,19:30 (20:30),FC Dallas,1.1,2–1,1.0,Los Angeles FC,19096,Toyota Stadium,Jon Freemon,Match Report,
Sat,2022-09-10,19:30 (21:30),Real Salt Lake,0.8,0–0,0.6,D.C. United,20487,America First Field,Kevin Broadley,Match Report,
Tue,2022-09-13,19:30,CF Montréal,1.1,3–2,1.9,Chicago Fire,,Saputo Stadium,Ted Unkel,Match Report,
Wed,2022-09-14,18:00,Orlando City,1.3,0–1,1.5,Atlanta Utd,15340,Exploria Stadium,Rubiel Vazquez,Match Report,
Tue,2022-09-13,19:00 (20:00),Minnesota Utd,1.2,1–1,0.8,Los Angeles FC,19861,Allianz Field,Tim Ford,Match Report,
Tue,2022-09-13,19:30 (20:30),Sporting KC,1.8,3–0,0.9,D.C. United,15106,Children's Mercy Park,Rosendo Mendoza,Match Report,
Tue,2022-09-13,19:30 (20:30),Houston Dynamo,4.8,3–1,2.3,New England,10305,PNC Stadium,Ismail Elfath,Match Report,
Tue,2022-09-13,20:00,Inter Miami,0.9,2–1,0.9,Columbus Crew,9778,Lockhart Stadium,Jon Freemon,Match Report,
Wed,2022-09-14,19:00 (22:00),Vancouver,1.6,3–0,1.0,LA Galaxy,16681,BC Place,Fotis Bazakos,Match Report,
Wed,2022-09-14,20:00 (22:00),Colorado Rapids,0.9,2–1,1.2,San Jose,11938,Dick's Sporting Goods Park,Pierre-Luc Lauziere,Match Report,
Wed,2022-09-14,20:15 (21:15),Austin,1.5,3–0,1.2,Real Salt Lake,20738,Q2 Stadium,Joe Dickerson,Match Report,
Sat,2022-09-17,13:00,NYCFC,1.2,2–0,1.0,NY Red Bulls,30151,Yankee Stadium,Allen Chapman,Match Report,
Sat,2022-09-17,15:30,Atlanta Utd,1.1,0–0,0.2,Philadelphia,42521,Mercedes-Benz Stadium,Guido Gonzalez Jr.,Match Report,
Sat,2022-09-17,19:30,Orlando City,1.1,4–0,0.8,Toronto FC,17189,Exploria Stadium,Nima Saghafi,Match Report,
Sat,2022-09-17,19:30,New England,1.2,0–1,1.3,CF Montréal,35455,Gillette Stadium,Rosendo Mendoza,Match Report,
Sun,2022-09-18,13:00,Columbus Crew,1.2,1–1,0.6,Portland Timbers,20421,Lower.com Field,Victor Rivas,Match Report,
Sun,2022-09-18,17:00,D.C. United,1.0,2–3,1.4,Inter Miami,14284,Audi Field,Ismail Elfath,Match Report,
Sat,2022-09-17,19:00 (20:00),Chicago Fire,1.2,2–3,2.3,Charlotte,21450,Soldier Field,Tori Penso,Match Report,
Sat,2022-09-17,19:00 (22:00),Vancouver,1.1,2–1,1.0,Seattle,19722,BC Place,Ramy Touchan,Match Report,
Sat,2022-09-17,19:30 (22:30),LA Galaxy,2.0,4–1,1.2,Colorado Rapids,20325,Dignity Health Sports Park,Joe Dickerson,Match Report,
Sat,2022-09-17,19:30 (22:30),San Jose,1.8,1–1,0.9,FC Dallas,12355,Avaya Stadium,Drew Fischer,Match Report,
Sat,2022-09-17,19:30 (20:30),Sporting KC,1.8,4–1,0.7,Minnesota Utd,19680,Children's Mercy Park,Marcos de Oliveira,Match Report,
Sat,2022-09-17,19:30 (21:30),Real Salt Lake,1.9,1–2,0.5,FC Cincinnati,20222,America First Field,Chris Penso,Match Report,
Sat,2022-09-17,20:00 (21:00),Austin,0.9,1–1,1.2,Nashville,20738,Q2 Stadium,Lukasz Szpala,Match Report,
Sun,2022-09-18,19:30 (22:30),Los Angeles FC,2.8,3–1,1.0,Houston Dynamo,22131,Banc of California Stadium,Kevin Stott,Match Report,
Sat,2022-09-24,19:00 (22:00),San Jose,,,,LA Galaxy,,Stanford Stadium,,Head-to-Head,
Tue,2022-09-27,19:00 (22:00),Seattle,,,,FC Cincinnati,,Lumen Field,,Head-to-Head,
Fri,2022-09-30,19:30,Toronto FC,,,,Inter Miami,,BMO Field,,Head-to-Head,
Sat,2022-10-01,13:30,New England,,,,Atlanta Utd,,Gillette Stadium,,Head-to-Head,
Sat,2022-10-01,15:30,Colorado Rapids,,,,FC Dallas,,Dick's Sporting Goods Park,,Head-to-Head,
Sat,2022-10-01,17:30,Charlotte,,,,Philadelphia,,Bank of America Stadium,,Head-to-Head,
Sat,2022-10-01,19:30,FC Cincinnati,,,,Chicago Fire,,West End Stadium,,Head-to-Head,
Sat,2022-10-01,19:30,CF Montréal,,,,D.C. United,,Saputo Stadium,,Head-to-Head,
Sat,2022-10-01,19:30,Columbus Crew,,,,NY Red Bulls,,Lower.com Field,,Head-to-Head,
Sun,2022-10-02,12:00 (15:00),Portland Timbers,,,,Los Angeles FC,,Providence Park,,Head-to-Head,
Sun,2022-10-02,13:00,NYCFC,,,,Orlando City,,Red Bull Arena,,Head-to-Head,
Sun,2022-10-02,16:00 (17:00),Sporting KC,,,,Seattle,,Children's Mercy Park,,Head-to-Head,
Sat,2022-10-01,19:00 (22:00),Vancouver,,,,Austin,,BC Place,,Head-to-Head,
Sat,2022-10-01,19:00 (22:00),San Jose,,,,Minnesota Utd,,Avaya Stadium,,Head-to-Head,
Sat,2022-10-01,19:30 (22:30),LA Galaxy,,,,Real Salt Lake,,Dignity Health Sports Park,,Head-to-Head,
Sun,2022-10-02,19:30 (20:30),Nashville,,,,Houston Dynamo,,Geodis Park,,Head-to-Head,
Wed,2022-10-05,19:00,Charlotte,,0–0,,Columbus Crew,,Bank of America Stadium,Matt Conger,Match Report,Match Suspended
Wed,2022-10-05,20:00,Inter Miami,,,,Orlando City,,Lockhart Stadium,,Head-to-Head,
Sun,2022-10-09,13:30 (14:30),Chicago Fire,,,,New England,,,,Head-to-Head,
Sun,2022-10-09,14:00 (17:00),Seattle,,,,San Jose,,,,Head-to-Head,
Sun,2022-10-09,14:00 (17:00),Los Angeles FC,,,,Nashville,,,,Head-to-Head,
Sun,2022-10-09,14:30,Inter Miami,,,,CF Montréal,,,,Head-to-Head,
Sun,2022-10-09,14:30,Philadelphia,,,,Toronto FC,,,,Head-to-Head,
Sun,2022-10-09,14:30,Atlanta Utd,,,,NYCFC,,,,Head-to-Head,
Sun,2022-10-09,14:30,Orlando City,,,,Columbus Crew,,,,Head-to-Head,
Sun,2022-10-09,14:30,D.C. United,,,,FC Cincinnati,,,,Head-to-Head,
Sun,2022-10-09,14:30,NY Red Bulls,,,,Charlotte,,,,Head-to-Head,
Sun,2022-10-09,15:00 (17:00),Real Salt Lake,,,,Portland Timbers,,,,Head-to-Head,
Sun,2022-10-09,16:00 (17:00),Austin,,,,Colorado Rapids,,,,Head-to-Head,
Sun,2022-10-09,16:00 (17:00),FC Dallas,,,,Sporting KC,,,,Head-to-Head,
Sun,2022-10-09,16:00 (17:00),Houston Dynamo,,,,LA Galaxy,,,,Head-to-Head,
Sun,2022-10-09,16:00 (17:00),Minnesota Utd,,,,Vancouver,,,,Head-to-Head,
